pkts_count,pkt_rate,kBytes,kByte_rate,ip_src_entropy,ip_dst_entropy,ip_src_cum_entropy,ip_dst_cum_entropy,payload_count,incorrect_tcp_checksum_count,correct_tcp_checksum_count,ip_src_novel_Count,ip_dst_novel_Count,port_novel_count,ttl_novel_count,win_size_novel_count,tos_novel_count,mss_novel_count,port_entropy,ttl_entropy,win_size_entropy,tos_entropy,mss_entropy,port_novel_entropy,ttl_novel_entropy,win_size_novel_entropy,tos_novel_entropy,mss_novel_entropy,port_entropy_normalized,ttl_entropy_normalized,win_size_entropy_normalized,tos_entropy_normalized,mss_entropy_normalized,port_novel_entropy_normalized,ttl_novel_entropy_normalized,win_size_novel_entropy_normalized,tos_novel_entropy_normalized,mss_novel_entropy_normalized,ip_src_entropy_normalized,ip_dst_entropy_normalized,ip_src_cum_entropy_normalized,ip_dst_cum_entropy_normalized,ip_src_novel_entropy,ip_dst_novel_entropy,ip_src_novel_entropy_normalized,ip_dst_novel_entropy_normalized
0.9599999999991269,0.0028121185302723006,0.13757812500080036,0.00040359497069886174,0.0,0.0,0.0,0.0,0.0,0.0,0.0,0.0,0.0,0.05000000000001137,0.0,0.010000000000047748,0.0,0.0,6.458767264216903e-05,8.961166417442712e-05,6.940018515333435e-05,-1.2320356423511925e-05,-2.6530051266515642e-05,0.00014315575528911495,2.114073927256266e-05,-0.0003445583621539683,-2.4876650857041938e-06,-3.345105971386264e-06,3.0525871962394646e-06,-4.2385442211578805e-06,-4.805800756790823e-06,-3.215491713309815e-06,-6.098975717017119e-06,1.734971674771657e-05,3.523456545424797e-06,-6.762901240353614e-06,-6.72262021592096e-07,-7.739846424742458e-07,0.0,0.0,0.0,0.0,0.0,0.0,0.0,0.0
0.3499999999985448,0.0010250854492284134,0.03773437500058208,0.00011142730712521143,0.0,0.0,0.0,0.0,0.0,0.0,0.0,0.0,0.0,0.0,0.0,0.0,0.0,0.0,2.0157418012978212e-05,1.6632869678900875e-05,-6.573628902550865e-06,-3.348280007475779e-06,8.851801697185024e-06,-7.960596298062228e-05,1.6632869679331086e-05,-6.5736289007745086e-06,-3.348280007212101e-06,8.851801697351558e-06,9.046249653810179e-07,2.772144946483479e-06,-6.710496450734738e-07,-9.048330096572688e-07,2.0481140600159264e-06,-5.81392043919049e-06,2.772144946552868e-06,-6.710496449624515e-07,-9.048330096572688e-07,2.048114059988171e-06,0.0,0.0,0.0,0.0,0.0,0.0,0.0,0.0
217.3199999999997,0.636544189453133,120.68273437500102,0.35348739624023295,0.0,0.0,0.0,0.0,0.0,0.0,0.0,0.0,0.0,0.009999999999990905,0.0,1.5900000000000318,0.0,0.0,-0.006418168083813569,-0.003111299781614729,-0.0068942012772676975,-0.0015326775790496239,-1.3639459596204162e-05,-0.0066577314500806395,-0.003111299781614646,-0.02084680564216601,-0.0015326775790493186,-1.3639459595926606e-05,-0.000551944974850449,-0.0005185499636024549,-0.001002904330881016,-0.00041418796029446536,-3.155873789795205e-06,-0.0005618491515217983,-0.0005185499636024479,-0.0013547939831303202,-0.00041418796029442373,-3.1558737897535716e-06,0.0,0.0,0.0,0.0,0.0,0.0,0.0,0.0
1.7799999999988358,0.005213623046884663,0.3925390625008731,0.0011507034301772023,0.0,0.0,0.0,0.0,0.0,0.0,0.0,0.0,0.0,0.0,0.0,0.010000000000047748,0.0,0.0,0.00019453448517392502,4.130820192527196e-05,5.105204895716753e-05,-1.6988103853088354e-05,-1.3639459596204162e-05,-3.955773221253622e-05,4.1308201925605026e-05,-0.00016054998846648516,-1.6988103852852432e-05,-1.3639459595926606e-05,1.4809767889034653e-05,6.884700320952675e-06,3.1132776302511544e-06,-4.5908338324740505e-06,-3.155873789795205e-06,3.115953241317193e-06,6.884700320931858e-06,-9.843469537473837e-06,-4.590833832418539e-06,-3.1558737897535716e-06,0.0,0.0,0.0,0.0,0.0,0.0,0.0,0.0
0.8899999999994179,0.0026068115234352263,0.782539062500291,0.0022926902770947777,0.0,0.0,0.0,0.0,0.0,0.0,0.0,0.0,0.0,0.0,0.0,0.020000000000038654,0.0,0.0,1.9432183215428722e-05,4.152583607774929e-05,1.718446315557287e-05,-8.506578656142239e-06,1.221769356729574e-05,4.780086693578767e-06,4.152583607776317e-05,-0.0006516893069044016,-8.506578656017338e-06,1.221769356729574e-05,1.458823641553586e-06,6.920972679624882e-06,-3.477069460355864e-06,-2.298802116551535e-06,2.8269081065457335e-06,1.2368827619901879e-06,6.920972679624882e-06,-2.658013956091665e-05,-2.2988021164960237e-06,2.8269081065457335e-06,0.0,0.0,0.0,0.0,0.0,0.0,0.0,0.0
1.360000000000582,0.003983459472664208,0.13253906250065484,0.00038820266723149643,0.0,0.0,0.0,0.0,0.0,0.0,0.0,0.0,0.0,0.0,0.0,0.010000000000047748,0.0,0.0,0.00010036428265269848,6.146240848492468e-05,4.225431564641724e-06,-1.3073714884237475e-05,1.221769356729574e-05,5.819043898469545e-05,6.094517484046824e-05,4.225431564641724e-06,-1.289340922230875e-05,1.221769356729574e-05,8.19404891860831e-06,1.0245093593264087e-05,-6.177414476615795e-07,-3.52936752795463e-06,2.8269081064902224e-06,6.37363624944598e-06,1.0157529140075727e-05,-6.177414476615795e-07,-3.4842911125210208e-06,2.8269081065457335e-06,0.0,0.0,0.0,0.0,0.0,0.0,0.0,0.0
28.580000000001746,0.08371261596680313,10.830273437501091,0.03172286987304318,0.0,0.0,0.0,0.0,0.0,0.0,0.0,0.0,0.0,1.0299999999999727,0.0,0.4300000000000068,0.0,0.0,0.0009196568961575835,0.0011339537560925983,-4.20004923977757e-05,-0.00026119787708556164,-0.0002156283445515772,-0.004282536356686073,-0.004940986867248615,-0.012530034937776158,-0.0002611978770852841,-0.0019145926753001696,3.645623292891642e-05,0.00012511686335037187,-0.00010853471570937412,-7.058563224388026e-05,-0.00011776110019146024,-0.00010607102352910847,-0.0009017387165674157,-0.0004582725871008497,-7.058563224386638e-05,4.737797739258476e-05,0.0,0.0,0.0,0.0,0.0,0.0,0.0,0.0
85.72000000000116,0.25107940673828466,52.440156250000655,0.1536003875732419,0.0,0.0,0.0,0.0,0.0,0.0,0.0,0.0,0.0,0.2899999999999636,0.0,1.1200000000000045,0.0,0.0,-0.0012045772169928526,0.002888577464384312,-0.001172831057947299,-0.0006403889944561758,6.18497943898344e-05,-0.004858714560769251,3.990908591226805e-05,-0.01729590426910299,-0.0006403889944562036,-0.001637114536358536,-0.00013106141206120636,0.00043622064564574625,-0.00029135209414776764,-0.0001730575399773726,-5.458758329068836e-05,-0.0002801917931215536,-1.2946623666597323e-05,-0.0008148180583232856,-0.00017305753997741424,0.00011055149429339828,0.0,0.0,0.0,0.0,0.0,0.0,0.0,0.0
17.599999999998545,0.05155151367188182,8.607773437501237,0.025212669372557173,0.0,0.0,0.0,0.0,0.0,0.0,0.0,0.0,0.0,0.0,0.0,0.34000000000003183,0.0,0.0,0.0006992453670111587,0.0007724994657274387,0.0009903675369162812,-0.00016369116856596033,0.00010934704083798152,-0.002228744364515478,-0.001329859761216065,-0.0032476336496447544,-0.0001636911685657383,0.00010934704083817581,3.789730383318979e-05,8.61312972559869e-05,7.189671533014419e-06,-4.423559928928844e-05,2.5300522923432656e-05,-5.39071760251586e-05,-0.00019263528592728535,0.00040950283443863533,-4.4235599289260685e-05,2.530052292346041e-05,0.0,0.0,0.0,0.0,0.0,0.0,0.0,0.0
1.0500000000029104,0.003075408935544033,0.1251953125010914,0.00036701202392208643,0.0,0.0,0.0,0.0,0.0,0.0,0.0,0.0,0.0,0.0,0.0,0.020000000000038654,0.0,0.0,5.676539145405002e-05,4.9339034763118406e-05,0.00011144905750803957,-1.0033191060743185e-05,0.00011782681858707456,-0.00016227531113699456,4.933903476345147e-05,0.00011052874121730838,-1.0033191060659918e-05,0.00011782681858701904,2.8084898807678726e-06,8.223172460519734e-06,8.228846116287158e-06,-2.711351035245002e-06,2.7262558746965482e-05,-5.125740983324967e-06,8.223172460575245e-06,8.206092885210126e-06,-2.71135103525888e-06,2.7262558746965482e-05,0.0,0.0,0.0,0.0,0.0,0.0,0.0,0.0
1.1200000000026193,0.0032804870605502856,0.13269531250080036,0.0003889846801712338,0.0,0.0,0.0,0.0,0.0,0.0,0.0,0.0,0.0,0.009999999999990905,0.0,0.020000000000038654,0.0,0.0,9.966355599200227e-05,5.2148847093924644e-05,3.1034870067614406e-05,7.342183253933321e-06,-5.033990766234453e-06,-0.00011632780034442902,5.214884709406342e-05,-0.0019777702882466386,7.342183254085977e-06,-5.033990766123431e-06,7.507961676145314e-06,8.69147451576513e-06,-8.293537969494835e-06,1.9841380520801977e-06,-1.1647557885408055e-06,4.897045082552509e-06,8.691474515667985e-06,-7.9327536437801e-05,1.984138052052442e-06,-1.1647557885269277e-06,0.0,0.0,0.0,0.0,0.0,0.0,0.0,0.0
1.430000000000291,0.00418853759765625,0.1951171875007276,0.0005715179443370744,0.0,0.0,0.0,0.0,0.0,0.0,0.0,0.0,0.0,0.0,0.0,0.0,0.0,0.0,7.694717718642607e-05,0.00010125403447691639,0.0,0.00010970890608519301,0.0,1.6196563804804498e-05,0.0001012540344773466,0.0,0.00010970890608524853,0.0,5.768078258583387e-06,1.687567241293042e-05,0.0,2.9647532304721835e-05,0.0,4.350533184926952e-06,1.6875672412888787e-05,0.0,2.9647532304707958e-05,0.0,0.0,0.0,0.0,0.0,0.0,0.0,0.0,0.0
0.06999999999970896,0.00020492553711903838,0.0078125,2.288818359375e-05,0.0,0.0,0.0,0.0,0.0,0.0,0.0,0.0,0.0,0.0,0.0,0.0,0.0,0.0,2.6959806866955205e-06,1.887135869349521e-06,-1.4006819437639706e-07,-3.8285743875210443e-07,-8.321756010953862e-07,-1.1956115835154435e-05,1.8871358699046326e-06,-1.4006819437639706e-07,-3.8285743862720434e-07,-8.321756009843639e-07,2.537928955881341e-08,3.145226450396166e-07,-1.4298451311844929e-08,-1.034626876394995e-07,-1.9254730360129813e-07,-1.9656158989356243e-07,3.145226449841054e-07,-1.4298451311844929e-08,-1.0346268762562172e-07,-1.9254730358742034e-07,0.0,0.0,0.0,0.0,0.0,0.0,0.0,0.0
3.8799999999973807,0.011364746093747158,2.092734375000873,0.006129684448239914,0.0,0.0,0.0,0.0,0.0,0.0,0.0,0.0,0.0,0.0,0.0,0.32000000000005,0.0,0.0,6.725126089435207e-05,0.00018154028375860776,0.00021786531746315063,4.792870276315586e-05,-8.444138674734702e-06,-0.00014989804181553268,0.0001815402837589547,-0.002307505013064315,4.792870276321137e-05,-8.444138674568169e-06,3.9113359761033806e-06,3.0256713959841974e-05,-2.6629528331545416e-05,1.2952164178875458e-05,-1.9537897182342334e-06,-7.2848845459327904e-06,3.0256713959821158e-05,-4.5372180073943724e-05,1.2952164178819947e-05,-1.9537897181787223e-06,0.0,0.0,0.0,0.0,0.0,0.0,0.0,0.0
0.37999999999738066,0.0011129760742250028,0.05007812500116415,0.0001469802856419733,0.0,0.0,0.0,0.0,0.0,0.0,0.0,0.0,0.0,0.0,0.0,0.010000000000047748,0.0,0.0,3.1702441489755984e-06,1.9560926352024666e-05,1.073462442402473e-05,-3.6350945518126565e-06,-3.3451059715527975e-06,-2.6143668862665947e-05,1.9560926352149566e-05,-0.0011553437459381755,-3.635094551590612e-06,-3.345105971386264e-06,-1.3946189658664565e-07,3.2601543918930886e-06,-2.0471932384857894e-06,-9.823412427945044e-07,-7.739846424881236e-07,-5.832021775509233e-07,3.2601543920179887e-06,-2.5813964582788174e-05,-9.823412427945044e-07,-7.739846424742458e-07,0.0,0.0,0.0,0.0,0.0,0.0,0.0,0.0
1.8099999999976717,0.005301513671881253,0.27257812500101863,0.0007993316650356519,0.0,0.0,0.0,0.0,0.0,0.0,0.0,0.0,0.0,0.0,0.0,0.020000000000038654,0.0,0.0,0.00011288245085783188,8.177915755025467e-05,3.1463279380083975e-05,8.304866419195367e-05,-1.8041358613274383e-05,-0.00014842797494463156,8.177915755119836e-05,-0.000118903670346171,8.304866419198143e-05,-1.8041358613080094e-05,7.203099446684291e-06,1.362985959185714e-05,6.7781423807034e-08,2.244291773892404e-05,-4.174377318921785e-06,-4.655903116268512e-06,1.362985959186408e-05,-7.34895166598637e-06,2.2442917738896284e-05,-4.174377318866274e-06,0.0,0.0,0.0,0.0,0.0,0.0,0.0,0.0
1.1299999999973807,0.0033097839355491487,0.17757812499985448,0.0005201339721665477,0.0,0.0,0.0,0.0,0.0,0.0,0.0,0.0,0.0,0.0,0.0,0.0,0.0,0.0,7.512158390188262e-05,5.167208504586185e-05,2.4224608239364898e-06,7.442547520841725e-05,-8.444138674734702e-06,-0.00012864849108051857,5.1672085045445515e-05,2.4224608257128466e-06,7.442547520837561e-05,-8.444138674568169e-06,4.585220377828492e-06,8.612014174236293e-06,2.472898151806291e-07,2.0112603062699685e-05,-1.9537897182342334e-06,-4.200096438089496e-06,8.612014174236293e-06,2.472898151806291e-07,2.0112603062699685e-05,-1.9537897181787223e-06,0.0,0.0,0.0,0.0,0.0,0.0,0.0,0.0
1.2300000000032014,0.003602752685551991,0.20027343750007276,0.0005866241455052545,0.0,0.0,0.0,0.0,0.0,0.0,0.0,0.0,0.0,0.0,0.0,0.0,0.0,0.0,7.22912554236288e-05,5.519148763744042e-05,6.134512252842228e-06,7.345772374034443e-05,-1.5392369300926134e-05,-0.00010877817220844577,5.519148763831472e-05,6.134512252842228e-06,7.345772374037218e-05,-1.5392369300676334e-05,3.932836583619981e-06,9.19858127312878e-06,6.26223708444229e-07,1.9851079692045914e-05,-3.561458905121384e-06,2.181105822507412e-06,9.198581273045514e-06,6.26223708444229e-07,1.9851079692032036e-05,-3.5614589050797507e-06,0.0,0.0,0.0,0.0,0.0,0.0,0.0,0.0
12.660000000003492,0.03708190917969034,13.022734375001164,0.038144702911374395,0.0,0.0,0.0,0.0,0.0,0.0,0.0,0.0,0.0,0.2300000000000182,0.0,0.11000000000001364,0.0,0.0,0.00032086981464463094,0.0005059510015104074,0.00030473848334544584,0.0010917628832702864,-1.4514601539561411e-05,-0.0006150101761575044,0.0005059510015100327,-8.313441622220807e-05,0.0010917628832703419,-1.4514601539450389e-05,1.968863503132301e-05,8.432516691836422e-05,1.2364645907370075e-05,0.00023879028784543066,-3.358362568928186e-06,-5.111041924443782e-05,8.432516691832953e-05,5.713734740897536e-06,0.00023879028784544454,-3.3583625689004304e-06,0.0,0.0,0.0,0.0,0.0,0.0,0.0,0.0
5.279999999998836,0.015465393066406818,4.507617187500728,0.013203716278077593,0.0,0.0,0.0,0.0,0.0,0.0,0.0,0.0,0.0,0.0,0.0,0.1500000000000341,0.0,0.0,7.39905995201795e-05,0.00011658235096767555,1.1560833013568583e-05,-5.010160112595141e-05,-1.0165288586883037e-05,-9.702119499888084e-05,0.00011658235096785596,-0.0007421352306975493,-5.010160112590978e-05,-1.0165288586883037e-05,5.104045025405846e-06,1.9430391827945925e-05,-1.849779803964058e-05,-1.3539364222103778e-05,-2.3520263095488936e-06,-4.897148046634214e-06,1.943039182797368e-05,-7.483181416489959e-05,-1.3539364222117656e-05,-2.352026309465627e-06,0.0,0.0,0.0,0.0,0.0,0.0,0.0,0.0
8.860000000000582,0.02595153808593409,8.93500000000131,0.026171760559080326,0.0,0.0,0.0,0.0,0.0,0.0,0.0,0.0,0.0,0.0,0.0,0.4500000000000455,0.0,0.0,0.00010412656469060977,0.0005152782675201806,0.0005345702968329036,0.0008168276096196525,-1.8041358613274383e-05,-0.0002385898754617699,0.0005152782675199308,-0.002966590003837588,0.0008168276096198468,-1.8041358613080094e-05,5.83892276884157e-06,8.587971125328941e-05,-3.6798238547519624e-05,0.0001665786660557944,-4.174377318921785e-06,-7.158183626398973e-06,8.587971125331717e-05,-0.00022397311834820854,0.00016657866605582217,-4.174377318866274e-06,0.0,0.0,0.0,0.0,0.0,0.0,0.0,0.0
17.290000000000873,0.050643463134761646,11.002695312499782,0.03222820281982308,0.0,0.0,0.0,0.0,0.0,0.0,0.0,0.0,0.0,0.6399999999999864,0.0,0.2300000000000182,0.0,0.0,0.0009638412783727901,0.0006888427696063459,-0.00019255495084991026,-0.00016088826116911203,0.0005281726935506548,-0.0001476194362339811,-0.001886636473100542,-0.0019234492238453527,-0.0001608882611690704,0.0005281726935507103,6.207558472781649e-05,9.330714586641697e-05,-4.837576592553461e-05,-4.347814676733397e-05,0.00012220765407350287,5.025062518126955e-05,-0.00025854818984612227,-0.0001331743037280564,-4.347814676734785e-05,0.00012220765407355838,0.0,0.0,0.0,0.0,0.0,0.0,0.0,0.0
1.5,0.004393615722662503,1.252617187499709,0.0036689567565915127,0.0,0.0,0.0,0.0,0.0,0.0,0.0,0.0,0.0,0.0,0.0,0.03000000000002956,0.0,0.0,3.1822104895162795e-05,7.654078731134106e-05,1.4419699209788917e-05,-1.4322453061765827e-05,-5.033990766234453e-06,-1.2163355704863932e-05,7.654078731146596e-05,-0.0001489823477491825,-1.4322453061668683e-05,-5.033990766123431e-06,2.108981900894591e-06,1.2756797885149496e-05,-4.800738426236073e-06,-3.870473282235887e-06,-1.1647557885408055e-06,1.4435847750515762e-06,1.275679788524664e-05,-1.2388679104136102e-05,-3.8704732822497645e-06,-1.1647557885269277e-06,0.0,0.0,0.0,0.0,0.0,0.0,0.0,0.0
0.7600000000020373,0.00222610473633722,0.09777343750101863,0.00028667449951313984,0.0,0.0,0.0,0.0,0.0,0.0,0.0,0.0,0.0,0.0,0.0,0.020000000000038654,0.0,0.0,6.778454185241145e-05,3.029038421908936e-05,2.2311588988799258e-05,4.648170914467453e-05,-1.6670899267712258e-06,-0.0001052892254245208,3.0290384218895072e-05,-0.00017761135057359212,4.6481709144854944e-05,-1.667089926687959e-06,4.572600714625175e-06,5.048397369922242e-06,-8.659787904541361e-07,1.2561131293942207e-05,-3.8572828842120543e-07,-6.1810325405753375e-06,5.048397369818158e-06,-9.8336748368677e-06,1.2561131293942207e-05,-3.8572828839344986e-07,0.0,0.0,0.0,0.0,0.0,0.0,0.0,0.0
1.6999999999970896,0.004979400634766762,0.2702734374997817,0.000792579650877201,0.0,0.0,0.0,0.0,0.0,0.0,0.0,0.0,0.0,0.0,0.0,0.03000000000002956,0.0,0.0,3.5014100379093804e-05,7.618999060010623e-05,3.246194910921929e-05,-1.622674137791158e-05,-1.715575470706554e-05,-0.00025297747873942455,7.618999060017562e-05,-0.0004960494566601525,-1.622674137771729e-05,-1.7155754706899007e-05,5.364938235885575e-07,1.2698331766647364e-05,-2.9607709401968663e-06,-4.385084642261061e-06,-3.9694678695134655e-06,-8.569507236377838e-06,1.2698331766688997e-05,-2.6393959335568873e-05,-4.385084642274939e-06,-3.969467869471832e-06,0.0,0.0,0.0,0.0,0.0,0.0,0.0,0.0
3.9499999999970896,0.01156982421875341,2.1026171875000728,0.0061592483520485075,0.0,0.0,0.0,0.0,0.0,0.0,0.0,0.0,0.0,0.12000000000000455,0.0,0.08000000000004093,0.0,0.0,0.00016982261952946942,0.00017818349480114293,8.51037668674337e-05,-3.7563470703827484e-05,-1.5897572851253372e-05,-0.0005747140068432799,0.00017818349480126783,-0.003731045041678982,-3.756347070378585e-05,-1.5897572851308883e-05,9.825698757959245e-06,2.9697249133597836e-05,-1.407565876765382e-05,-1.0151082996873173e-05,-3.678351999880647e-06,3.141358274616479e-06,2.9697249133535386e-05,-0.00020093329791814885,-1.0151082996873173e-05,-3.6783519999084024e-06,0.0,0.0,0.0,0.0,0.0,0.0,0.0,0.0
0.3600000000005821,0.0010543823242272765,0.10773437500029104,0.00031616210937102096,0.0,0.0,0.0,0.0,0.0,0.0,0.0,0.0,0.0,0.0,0.0,0.0,0.0,0.0,7.29101275709354e-06,1.4998493141682445e-05,-5.258846123012972e-07,-3.4438880268661265e-06,-3.3451059715527975e-06,-2.2022900255436184e-05,1.4998493142140412e-05,-5.258846123012972e-07,-3.4438880268106153e-06,-3.345105971386264e-06,2.1346579870407112e-07,2.4997488569100668e-06,-5.36833897335498e-08,-9.306699444433519e-07,-7.739846424881236e-07,-2.3027448214918422e-07,2.499748857021089e-06,-5.36833897335498e-08,-9.306699444155964e-07,-7.739846424742458e-07,0.0,0.0,0.0,0.0,0.0,0.0,0.0,0.0
49.93000000000029,0.1462481689453199,31.780117187499854,0.09308593749999972,0.0,0.0,0.0,0.0,0.0,0.0,0.0,0.0,0.0,0.2899999999999636,0.0,1.6200000000000045,0.0,0.0,0.0012196901318386466,0.0022484583304689387,0.00010231673344396341,-0.0004281224887893176,0.00012395656097763386,0.0003358470401551017,0.0001279413946882746,-0.012886833737836056,-0.0004260427488498725,7.68042082519571e-05,9.442668562331669e-05,0.0003155645615956493,-0.00027652660342758484,-0.00011567924888436498,2.8506008340145605e-05,9.46219759891953e-05,4.854706041167861e-05,-0.000909011608735466,-0.00011513300615632882,1.7770820468498982e-05,0.0,0.0,0.0,0.0,0.0,0.0,0.0,0.0
68.94999999999709,0.2019590759277321,39.89757812500102,0.11686283111571782,0.0,0.0,0.0,0.0,0.0,0.0,0.0,0.0,0.0,0.37999999999999545,0.0,2.400000000000034,0.0,0.0,0.0020121029281119363,0.0031378281455674006,0.00028306359502394685,-0.0006705087238092489,0.00035522088266692897,-0.0010002428602522428,0.0025888121654195767,-0.01551935335195509,-0.0005159461011707139,9.134108819816578e-05,0.00014268446764253984,0.0005005905220386575,-0.00034186675421543633,-0.0001790981839117356,8.192701801662539e-05,0.00010773766544402985,0.0004087925919235916,-0.001202475870258679,-0.00013942832216434775,2.1134337775369216e-05,0.0,0.0,0.0,0.0,0.0,0.0,0.0,0.0
79.95999999999913,0.2342088317871145,50.83781249999993,0.14890796661376982,0.0,0.0,0.0,0.0,0.0,0.0,0.0,0.0,0.0,0.15999999999996817,0.0,3.4399999999999977,0.0,0.0,0.0014416788585149831,0.003112470174322368,-9.632958702088246e-05,-0.000667021222292008,0.00015557339097260758,-0.0011927066693093735,0.00025837314472713924,-0.019288757758322284,-0.00066546131408253,0.00011907197464336439,0.00010678325813606726,0.00047325567312406225,-0.0004565162712105719,-0.00018024274652636563,3.586094726387712e-05,9.085092370875181e-05,2.3196628163260624e-05,-0.0010342190859945477,-0.00017983303736043843,2.7550660730402132e-05,0.0,0.0,0.0,0.0,0.0,0.0,0.0,0.0
47.87000000000262,0.14021423339843864,39.017734375000146,0.11428558349609119,0.0,0.0,0.0,0.0,0.0,0.0,0.0,0.0,0.0,0.38999999999998636,0.0,0.010000000000047748,0.0,0.0,0.0013427507211529743,0.002310127532399342,-0.001895455404677726,-0.00042456369040988484,0.00017108956594258373,-0.0005882413882059012,0.00020776830545628233,-0.0018954554046786143,-0.00042456369040981545,0.00017108956594263924,0.00010194198470758753,0.0003405204115838334,-0.00019450899103112818,-0.00011473330813321914,3.958639805801134e-05,1.7111817196768797e-05,6.175382840060972e-05,-0.00019450899103101715,-0.00011473330813319138,3.958639805809461e-05,0.0,0.0,0.0,0.0,0.0,0.0,0.0,0.0
130.34000000000378,0.38177490234375,72.79757812500065,0.21322969436645423,0.0,0.0,0.0,0.0,0.0,0.0,0.0,0.0,0.0,0.6399999999999864,0.0,3.330000000000041,0.0,0.0,0.006147645126499235,0.005002334736774028,0.000990637671638872,-0.0014742578492692449,0.0010936233160261377,-0.0035343020922926627,0.0012719467539170637,-0.017592312665789755,-0.0007266898255476051,0.0006302158126945123,0.0004539248552520858,0.0007880824734434189,-0.0005233611386348258,-0.0003891999747464292,0.00024971645604388026,0.0002536424810215543,0.0002378142287395857,-0.0010196589559069436,-0.00019637931729710179,0.0002094435607816192,0.0,0.0,0.0,0.0,0.0,0.0,0.0,0.0
0.5199999999967986,0.0015231323242232975,0.06511718749970896,0.00019134521484431843,0.0,0.0,0.0,0.0,0.0,0.0,0.0,0.0,0.0,0.01999999999998181,0.0,0.010000000000047748,0.0,0.0,3.192592800616012e-05,1.4834263959428995e-05,1.553652582586551e-05,4.190186137065233e-06,-3.3451059715527975e-06,-0.00016706268363186894,1.4834263960067373e-05,1.553652582675369e-05,4.190186137328911e-06,-3.345105971386264e-06,1.501914403623239e-06,2.472377326645514e-06,5.367273233636283e-07,1.132348168453312e-06,-7.739846424881236e-07,-8.457702451503124e-06,2.4723773266732696e-06,5.367273234746506e-07,1.132348168453312e-06,-7.739846424742458e-07,0.0,0.0,0.0,0.0,0.0,0.0,0.0,0.0
9.980000000003201,0.029232025146484375,5.660078124999927,0.016578731536860403,0.0,0.0,0.0,0.0,0.0,0.0,0.0,0.0,0.0,0.0,0.0,0.020000000000038654,0.0,0.0,-8.757647040535943e-05,0.00046629492973160325,-2.076871814349346e-05,-9.397349651751874e-05,3.430718712382763e-05,-0.0003711657030258664,0.00046629492973185305,-0.0013984872029411122,-9.39734965173522e-05,3.4307187123994165e-05,-9.958951161515017e-06,7.771582162197088e-05,-1.046693809592103e-05,-2.5395224263952132e-05,7.937935655288886e-06,-2.3140143674993396e-05,7.771582162197782e-05,-0.00010091136160406133,-2.5395224263924376e-05,7.937935655302764e-06,0.0,0.0,0.0,0.0,0.0,0.0,0.0,0.0
7.059999999997672,0.020679168701178696,5.3474999999998545,0.015663776397701668,0.0,0.0,0.0,0.0,0.0,0.0,0.0,0.0,0.0,0.0,0.0,0.020000000000038654,0.0,0.0,3.6796120585158576e-05,0.00021231142336697317,-2.025533248950495e-05,-6.679641519613533e-05,-2.1609689494273e-05,-0.0001340625011971852,0.00021231142336737563,-0.001591232832874212,-6.679641519607982e-05,-2.1609689493995443e-05,6.890593504671472e-07,3.538523722790288e-05,-1.248627846450745e-05,-1.80509399649309e-05,-5.000011342071176e-06,-8.976218551781656e-07,3.538523722789594e-05,-0.00010677296570749117,-1.805093996494478e-05,-5.000011342057298e-06,0.0,0.0,0.0,0.0,0.0,0.0,0.0,0.0
0.5100000000020373,0.0014938354492244343,0.06277343750116415,0.00018478393554488548,0.0,0.0,0.0,0.0,0.0,0.0,0.0,0.0,0.0,0.009999999999990905,0.0,0.07000000000005002,0.0,0.0,7.08302693173124e-05,1.1955709457556196e-05,5.9376722519211e-05,3.4825457791765047e-05,-3.3451059715527975e-06,-1.0188550563228205e-06,1.1955709457292518e-05,-0.0002445033922455764,3.482545779184831e-05,-3.345105971386264e-06,4.833415972793631e-06,1.992618242852018e-06,-4.3706429099232835e-06,9.411167440742663e-06,-7.739846424881236e-07,5.7478193443705194e-06,1.9926182428797734e-06,-9.859204236017938e-06,9.41116744075654e-06,-7.739846424742458e-07,0.0,0.0,0.0,0.0,0.0,0.0,0.0,0.0
3.6900000000023283,0.010808258056641762,3.8000390625002183,0.011131458282470419,0.0,0.0,0.0,0.0,0.0,0.0,0.0,0.0,0.0,0.0,0.0,0.27000000000003865,0.0,0.0,2.7177877853112875e-05,0.00019059113083130796,0.00030372164823688763,-3.51059830305811e-05,-5.033990766234453e-06,-9.999903387747366e-05,0.00019059113083085,0.0005604327691983713,-3.510598303052559e-05,-5.033990766123431e-06,8.901757768686736e-07,3.1765188471810646e-05,-1.5958675290694835e-05,-9.486976063538544e-06,-1.1647557885408055e-06,-1.0542636811328165e-06,3.176518847180371e-05,0.0003272846829728282,-9.486976063524666e-06,-1.1647557885269277e-06,0.0,0.0,0.0,0.0,0.0,0.0,0.0,0.0
80.26000000000204,0.2350866699218841,15.840039062501091,0.04639678955077642,0.0,0.0,0.0,0.0,0.0,0.0,0.0,0.0,0.0,5.670000000000016,0.0,0.36000000000001364,0.0,0.0,0.002120563384885088,0.0022849522652390597,0.00033515240324977214,-0.0006782571846503105,0.002447819458715861,-0.024086129259482725,-0.002666075340177085,-0.0011916941988765473,-0.0006782571846503105,0.0007488551279671574,-4.618825477642474e-06,0.0003148599536690888,-0.00013836366115715926,-0.00018329096980698734,0.0004886267235697517,-0.0006939887258700095,-0.00041307389882647844,0.005499137865182635,-0.00018329096980697346,0.0006537658011538244,0.0,0.0,0.0,0.0,0.0,0.0,0.0,0.0
1.5199999999967986,0.004452056884773015,0.34011718750116415,0.0009965133666938186,0.0,0.0,0.0,0.0,0.0,0.0,0.0,0.0,0.0,0.0,0.0,0.0,0.0,0.0,9.257655938732512e-05,5.697421364203592e-05,1.0095358431883028e-05,-1.451293862686498e-05,1.0540192284302918e-05,5.077290224253517e-05,5.697421364246613e-05,1.0095358432771206e-05,-1.4512938626656813e-05,1.0540192284441696e-05,7.312166571460388e-06,9.49570227370966e-06,1.0305550850464584e-06,-3.921949749768894e-06,2.438770857149386e-06,5.713259339179544e-06,9.495702273737416e-06,1.0305550850464584e-06,-3.9219497497827716e-06,2.438770857163264e-06,0.0,0.0,0.0,0.0,0.0,0.0,0.0,0.0
25.25,0.07395919799805029,10.852656250001019,0.03178894042968494,0.0,0.0,0.0,0.0,0.0,0.0,0.0,0.0,0.0,0.3299999999999841,0.0,0.8600000000000136,0.0,0.0,0.0009079418811586137,0.0009636644790043114,0.00026944795401284694,-0.00019730454047539592,0.0006712595141420419,-0.0006791192844559646,-0.0033981731732618675,-0.008110177789606432,-0.00019237248165773768,-0.0014869631054452714,5.93302205531554e-05,8.232040955702402e-05,-0.00010482220939389553,-5.328178736099809e-05,8.415687916352166e-05,3.259559362089881e-05,-0.0018634550451235854,-0.0006249972111648239,-5.1986384405788844e-05,7.163059846468367e-05,0.0,0.0,0.0,0.0,0.0,0.0,0.0,0.0
4.6600000000034925,0.013649444580082104,1.2575390625006548,0.00368429183959762,0.0,0.0,0.0,0.0,0.0,0.0,0.0,0.0,0.0,0.0,0.0,0.03000000000002956,0.0,0.0,0.0003305365894856749,0.00022358334446570538,6.481607019992452e-05,-4.4263588187876124e-05,-8.618586645692261e-06,-0.00026621615516297936,-0.00445425512518359,-0.001212034591014266,-4.42635881877651e-05,-8.618586645414705e-06,2.2760607073513128e-05,-2.4958478940906303e-05,-6.916902098641486e-06,-1.1961710380231638e-05,-1.994153177919955e-06,-2.4744208396709766e-06,-0.0006555803978365166,-2.5105176273965135e-05,-1.1961710380190005e-05,-1.994153177975466e-06,0.0,0.0,0.0,0.0,0.0,0.0,0.0,0.0
195.79000000000087,0.5734812164306646,115.59253906249978,0.33857879638672017,0.0,0.0,0.0,0.0,0.0,0.0,0.0,0.0,0.0,2.7199999999999704,0.0,4.990000000000009,0.0,0.0,0.003041370366829277,0.005389754696990767,-0.003435996946897113,-0.0016655581127134056,0.004023445600823905,-0.007892167690143559,0.00393597147224746,-0.02352405726359308,-7.930030302645552e-05,0.0026695702618888817,0.00012666692923035683,0.0005577456382229729,-0.0007676506947876804,-0.00041909714436610956,0.0008449958641258415,-0.00023674688639019337,0.0055184966519881765,0.0038039585887975624,-2.1429967535402383e-05,-0.00022144941401264218,0.0,0.0,0.0,0.0,0.0,0.0,0.0,0.0
4.129999999997381,0.012097015380859943,2.522734375001164,0.007389564514156177,0.0,0.0,0.0,0.0,0.0,0.0,0.0,0.0,0.0,0.0,0.0,0.020000000000038654,0.0,0.0,5.756185873195818e-05,0.00013370520640121342,0.00026055839586192064,-3.926357508476919e-05,8.97300762874309e-05,-0.0001680369402583537,0.00013370520640144934,-0.0005593823940062137,-3.926357508461653e-05,8.973007628765295e-05,3.9025244361612366e-06,2.2284201066979925e-05,1.9256455682570284e-05,-1.0610516067099951e-05,2.0761584718143045e-05,-5.0961094263390905e-06,2.2284201066903597e-05,-9.645799121071885e-05,-1.0610516067086073e-05,2.0761584718129167e-05,0.0,0.0,0.0,0.0,0.0,0.0,0.0,0.0
10.239999999997963,0.029994430541989914,3.5027734374998545,0.010260429382320524,0.0,0.0,0.0,0.0,0.0,0.0,0.0,0.0,0.0,0.0,0.0,0.07000000000005002,0.0,0.0,0.001574110408796514,0.00038875280646877286,0.0004387165127681669,-0.00016247630341614805,-1.6670899267712258e-06,6.00180545964335e-05,1.9387114710403552e-05,0.0022306975627000014,-6.69267470436441e-06,-1.667089926687959e-06,0.0001265334982776256,6.488506254698212e-05,-6.681043996092928e-05,-4.209621355441562e-05,-3.8572828842120543e-07,6.271182496964123e-06,3.2311857850672587e-06,7.583467027871826e-05,-1.8086160602920343e-06,-3.8572828839344986e-07,0.0,0.0,0.0,0.0,0.0,0.0,0.0,0.0
1.5199999999967986,0.004452056884773015,0.21273437499985448,0.0006234359741199569,0.0,0.0,0.0,0.0,0.0,0.0,0.0,0.0,0.0,0.0,0.0,0.0,0.0,0.0,9.598884310690892e-05,6.8238496447659e-05,-6.960337564088093e-06,-1.451293862686498e-05,-2.7039186462740616e-05,-0.0004496166987317807,6.823849644739532e-05,-6.960337564088093e-06,-1.4512938626656813e-05,-2.7039186462435305e-05,2.080395025250148e-06,1.1373082741239493e-05,-7.105256657480297e-07,-3.921949749768894e-06,-6.256278648975044e-06,-1.0712437200188774e-05,1.1373082741225615e-05,-7.105256656370074e-07,-3.9219497497827716e-06,-6.256278648961167e-06,0.0,0.0,0.0,0.0,0.0,0.0,0.0,0.0
5.599999999998545,0.016402740478511646,0.642578125,0.001882114410399538,0.0,0.0,0.0,0.0,0.0,0.0,0.0,0.0,0.0,0.009999999999990905,0.0,0.020000000000038654,0.0,0.0,-0.0002048273573098669,0.0003095136589661429,1.2704159294329997e-05,-5.3110115153742754e-05,-3.3451059715527975e-06,-0.00042423890306597656,0.0003095136589664066,-0.00031808922626375136,-5.3110115153742754e-05,-3.345105971386264e-06,-1.8567540015168582e-05,5.158560982765348e-05,-1.8462387456619211e-06,-1.4352379500620627e-05,-7.739846424881236e-07,-3.691315436205045e-05,5.1585609827729806e-05,-1.1144967355103397e-05,-1.4352379500565116e-05,-7.739846424742458e-07,0.0,0.0,0.0,0.0,0.0,0.0,0.0,0.0
31.279999999998836,0.09162109375000682,17.002656250000655,0.04980182647705078,0.0,0.0,0.0,0.0,0.0,0.0,0.0,0.0,0.0,0.029999999999972715,0.0,0.7100000000000364,0.0,0.0,-0.00041142867446453124,0.001401217610402572,0.00018796174409185795,-0.00028465937872568237,5.114324026056494e-05,-0.0013893859761973104,0.0014012176104028357,-0.0011283621225475216,-0.0002846593787254742,5.114324026084249e-05,-3.971437927285937e-05,0.00023353626840050268,-8.997721435988204e-05,-7.692582514720603e-05,1.183343154670391e-05,-5.295125996596095e-05,0.00023353626840047492,-2.5605138139761507e-05,-7.692582514719215e-05,1.1833431546759421e-05,0.0,0.0,0.0,0.0,0.0,0.0,0.0,0.0
23.540000000000873,0.06895019531249602,14.492578125000364,0.042450523376466265,0.0,0.0,0.0,0.0,0.0,0.0,0.0,0.0,0.0,0.17000000000001592,0.0,0.2400000000000091,0.0,0.0,0.0007253665934152664,0.0009624638252709872,0.00016337297477431179,-0.00021686388176966886,6.750003280098227e-06,-0.0005429304497228671,0.0009624638252710149,-0.00326730464165248,-0.0002168638817693913,6.7500032803757826e-06,5.5927440875569445e-05,0.00016041063754512752,-2.025089921975365e-05,-5.860489517131584e-05,1.5618036977582683e-06,-1.1962403601240013e-05,0.00016041063754516915,-0.00024836367446057217,-5.860489517130196e-05,1.561803697841535e-06,0.0,0.0,0.0,0.0,0.0,0.0,0.0,0.0
62.529999999998836,0.18315429687500284,36.340117187501164,0.10644334793090593,0.0,0.0,0.0,0.0,0.0,0.0,0.0,0.0,0.0,0.8199999999999932,0.0,0.7100000000000364,0.0,0.0,0.00011146239954840098,0.002063376127870775,-5.484453033766101e-05,-0.0005297440648269758,-0.0004707474026932612,-0.0028478175405650674,0.0020482206568980393,-0.008721720379240239,-0.0005276753844204868,-0.0005412228739013203,-1.822403789475402e-05,0.0003438597297679147,-0.0001351384437613401,-0.00014314135996940092,-0.0001091820134274668,-3.965378547599041e-05,0.0003413701094829996,-0.0005755227048649392,-0.00014259802202251648,-0.00012522718148447187,0.0,0.0,0.0,0.0,0.0,0.0,0.0,0.0
0.680000000000291,0.001991729736332104,0.3902343749996362,0.0011430358886670433,0.0,0.0,0.0,0.0,0.0,0.0,0.0,0.0,0.0,0.0,0.0,0.10000000000002274,0.0,0.0,3.189400616054883e-05,3.211432022443006e-05,2.4668023480778345e-05,-6.501670980041396e-06,2.4334395036351708e-05,-0.0001684190293289589,3.2114320224707615e-05,2.4668023480778345e-05,-6.501670979805474e-06,2.4334395036573753e-05,1.9097418931801613e-06,5.352386704182699e-06,-7.907951496743948e-06,-1.7569995662825022e-06,5.6304488418312815e-06,-4.1762464371153385e-06,5.35238670411331e-06,-7.907951496632926e-06,-1.7569995662686244e-06,5.630448841914548e-06,0.0,0.0,0.0,0.0,0.0,0.0,0.0,0.0
5.739999999997963,-0.524042174816131,1.8401171875011642,-0.20329328447580508,0.0,0.0,0.0,0.0,0.0,0.0,0.0,0.0,0.0,0.15999999999996817,0.0,0.11000000000001364,0.0,0.0,-0.022847287478930056,-0.0025968691617945794,-0.007305984656198028,-0.0016495385494089687,-0.009490919199477643,-0.06840790642775652,0.0006797399633364926,0.02070594183722818,-0.0006092667858928202,-0.009136747692347513,-0.0011214005406020577,0.001041249835807223,-1.5546315353387463e-05,0.0007487674395713906,0.0010968353258281605,-0.008258040095066033,0.0002528101503480873,0.01714117845792762,0.004793584779276883,-0.002630085773272603,0.0,0.0,0.0,0.0,0.0,0.0,0.0,0.0
0.41000000000349246,0.0012008666992215922,0.08269531249970896,0.00024284362793025593,0.0,0.0,0.0,0.0,0.0,0.0,0.0,0.0,0.0,0.0,0.0,0.010000000000047748,0.0,0.0,1.989958260217861e-05,1.6590374775304895e-05,9.832111438790037e-06,-3.668290539771135e-06,-7.587572131040332e-06,-7.411751249453147e-05,1.633794771375985e-05,-0.0001447779331931187,-3.635094551590612e-06,-7.5875721310125765e-06,4.858467254065246e-07,2.764457996629055e-06,-1.0931467904207182e-06,-9.910601536100572e-07,-1.7555988819362156e-06,-1.9335649148466416e-06,2.7229912856197025e-06,-9.770720222346263e-06,-9.823412427945044e-07,-1.7555988818668267e-06,0.0,0.0,0.0,0.0,0.0,0.0,0.0,0.0
403.91999999999825,1.1831076812744215,53.28761718750138,0.15608283996581918,0.0,0.0,0.0,0.0,0.0,0.0,0.0,0.0,0.0,7.079999999999984,0.0,0.0,0.0,0.0,0.01550098942180167,0.005141115505541638,-0.007585641074373761,-0.0036852058536277488,-0.004488992278096182,-0.004210425622558134,0.0017320344489043238,-0.002343445530618382,-0.0009179819268741174,-0.0008714368730877442,0.0010543091375091462,0.000858865578175938,-0.0007987349252737141,-0.000954930730337894,-0.001025241245309949,0.0015084378864335113,0.0002886724081507183,-0.00023683030982846187,-0.00024807374171609275,-0.0002016315065765939,0.0,0.0,0.0,0.0,0.0,0.0,0.0,0.0
24.860000000000582,0.07281730651855867,3.357695312501164,0.009835224151608202,0.0,0.0,0.0,0.0,0.0,0.0,0.0,0.0,0.0,0.44999999999998863,0.0,0.0,0.0,0.0,0.0019219073898719685,0.0015729121058574158,0.000960741766261819,-0.0002689868138341378,-0.00017895988587346423,0.0011985877576918824,0.0004790545342875374,-8.666464357975912e-05,-6.829230274299491e-05,-3.163342965517568e-05,0.0001544436846909747,0.0002638862027568578,8.477759600356016e-05,-6.962953697614571e-05,-4.0861137356518196e-05,0.00018640798389646385,7.984242238125161e-05,-6.52966390302101e-06,-1.8455185854859835e-05,-7.3192864297189075e-06,0.0,0.0,0.0,0.0,0.0,0.0,0.0,0.0
616.1600000000035,1.8047731781005893,80.75261718749971,0.23653026580810632,0.0,0.0,0.0,0.0,0.0,0.0,0.0,0.0,0.0,11.759999999999991,0.0,0.0,0.0,0.0,0.019948867290878525,0.003355793368070792,-0.014298201766304253,-0.00521840680363006,-0.007860106354633078,-0.0075796352690051805,0.0012877733572995986,-0.004145389689362844,-0.0012854463520348969,-0.0015522662635073237,0.0012517767340625152,0.0005577003226985289,-0.0014809728765475816,-0.0013536738614602917,-0.0017952681166856777,0.002452983965667177,0.0002146288928832618,-0.000420715642278191,-0.00034737664978923277,-0.0003591605943984999,0.0,0.0,0.0,0.0,0.0,0.0,0.0,0.0
99.18000000000029,0.2905046844482513,13.3201953125008,0.03901645660400277,0.0,0.0,0.0,0.0,0.0,0.0,0.0,0.0,0.0,1.4300000000000068,0.0,0.0,0.0,0.0,0.00592550423555771,0.0040274663665496035,0.0006782703363539255,-0.0010505263633737716,-0.0007882943036916501,0.00545845321826377,0.001257737670052883,-0.00012552907189800067,-0.000266515898397629,-0.00014715162916964508,0.00045929315214943145,0.0006751665309089327,5.073438643454775e-05,-0.00027204057716254115,-0.0001800167931794161,0.0010711072534702604,0.00020962294500881384,-1.049571262168314e-05,-7.202276450851697e-05,-3.4047681020804577e-05,0.0,0.0,0.0,0.0,0.0,0.0,0.0,0.0
198.5,0.5814192199707122,26.53527343750102,0.07772430419921506,0.0,0.0,0.0,0.0,0.0,0.0,0.0,0.0,0.0,2.980000000000018,0.0,0.0,0.0,0.0,0.009711948059019981,0.0053097702228463994,-0.0015074154781409277,-0.001989484369764538,-0.0017249192969837068,0.0011623673991714156,0.0016719982357265573,-0.0006932786514628475,-0.0004911284089520185,-0.0003098270312874296,0.0007285823157453519,0.0008892856649028724,-0.00017609439137045158,-0.0005153702924365344,-0.0003938616329480782,0.0007229598196428766,0.00027866637262109056,-6.843359026365015e-05,-0.0001327216348220167,-7.168722488785917e-05,0.0,0.0,0.0,0.0,0.0,0.0,0.0,0.0
139.13999999999942,0.4075507354736345,10.625273437501164,0.031122913360590587,0.0,0.0,0.0,0.0,0.0,0.0,0.0,0.0,0.0,9.689999999999998,0.0,0.03000000000002956,0.0,0.0,0.007072005304418205,0.004039492961386504,-0.003445063129887238,-0.00137911113558431,-0.0005258333580226981,-0.02906279738205164,-0.0019215555011045243,-0.0014515062169424553,-0.0003222988788913056,-0.007658367125147086,0.00015926843038482907,0.0004716310437584692,-0.00036894147851085357,-0.0003534416469309076,-0.0004301061803836381,9.570418536519743e-05,0.002004587397169688,-0.00010677684264037701,-8.709745420558412e-05,-0.00010968640740541269,0.0,0.0,0.0,0.0,0.0,0.0,0.0,0.0
0.7799999999988358,0.002284698486334946,0.11769531250138243,0.0003453445434544733,0.0,0.0,0.0,0.0,0.0,0.0,0.0,0.0,0.0,0.0,0.0,0.0,0.0,0.0,8.055334173295847e-05,6.166759777004316e-05,-2.934563151857361e-05,-7.45656297629349e-06,-6.733687251569975e-06,-0.00010194338290947513,6.166759777069541e-05,-2.9345631517685433e-05,-7.456562976002057e-06,-6.733687251569975e-06,5.666033360052225e-06,1.027793296182189e-05,-2.9956628075922254e-06,-2.0150478170499753e-06,-1.5580285242511316e-06,-5.4256038370947834e-06,1.0277932961773317e-05,-2.995662807481203e-06,-2.015047817008342e-06,-1.5580285242372538e-06,0.0,0.0,0.0,0.0,0.0,0.0,0.0,0.0
5.720000000001164,0.016754150390625,3.3475781249999272,0.00980560302733835,0.0,0.0,0.0,0.0,0.0,0.0,0.0,0.0,0.0,0.0,0.0,0.0,0.0,0.0,0.0004274510339454807,0.00037690014665825444,-0.0003279753366971505,-5.4237492466358006e-05,-8.928626393700512e-05,9.179547988846792e-05,0.0003769001466582683,-0.0003279753366971505,-5.423749246606657e-05,-8.928626393692185e-05,2.900860449694953e-05,6.281669110963506e-05,-3.348040124306895e-05,-1.4657039864807153e-05,-2.065889620950223e-05,4.8410524101427654e-05,6.281669110970445e-05,-3.348040124306895e-05,-1.4657039864793275e-05,-2.0658896209432842e-05,0.0,0.0,0.0,0.0,0.0,0.0,0.0,0.0
1.9100000000034925,0.005594482421884095,0.30011718750029104,0.0008799743652332381,0.0,0.0,0.0,0.0,0.0,0.0,0.0,0.0,0.0,0.0,0.0,0.0,0.0,0.0,8.080363465889917e-05,0.00014320097070186222,-5.772863433417541e-05,-1.822488813840728e-05,-1.6670899267712258e-06,6.941285597594771e-05,0.00014320097070182058,-5.7728634332399054e-05,-1.8224888138254625e-05,-1.667089926687959e-06,6.715246673394404e-06,2.3866828450347377e-05,-5.893058484640612e-06,-4.925060135135828e-06,-3.8572828842120543e-07,7.609643929096244e-06,2.3866828450298805e-05,-5.89305848452959e-06,-4.92506013512195e-06,-3.8572828839344986e-07,0.0,0.0,0.0,0.0,0.0,0.0,0.0,0.0
3.6699999999982538,0.010750045776376282,0.26511718750043656,0.0007774925231913699,0.0,0.0,0.0,0.0,0.0,0.0,0.0,0.0,0.0,0.0,0.0,0.03000000000002956,0.0,0.0,0.00045872263909352284,0.0001712153771387115,0.00036983795405642894,0.0002832713832691125,1.221769356729574e-05,-9.625499422583061e-05,4.840401196452848e-05,-0.0026049464537782896,7.041138235208688e-05,1.221769356729574e-05,3.280261937399498e-05,9.471973024144376e-06,6.879180908692106e-06,7.32798072599905e-05,2.8269081065457335e-06,1.665135085371361e-06,8.0673353274191e-06,-0.00014628713038222774,1.9027842017502183e-05,2.8269081065457335e-06,0.0,0.0,0.0,0.0,0.0,0.0,0.0,0.0
0.16999999999825377,0.0004978942871076697,0.020117187499636202,5.893707275106408e-05,0.0,0.0,0.0,0.0,0.0,0.0,0.0,0.0,0.0,0.0,0.0,0.0,0.0,0.0,5.82766102219523e-06,8.026853953957414e-06,-7.336037910476989e-08,-1.6267931394198243e-06,-1.6670899267712258e-06,-2.3486251991222673e-05,8.026853954276603e-06,-7.336037910476989e-08,-1.6267931394198243e-06,-1.667089926687959e-06,8.813545271380008e-08,1.3378089922522207e-06,-7.488779374398291e-09,-4.396215756152788e-07,-3.8572828842120543e-07,-3.5560482813945526e-07,1.3378089923771208e-06,-7.488779374398291e-09,-4.396215756291566e-07,-3.8572828839344986e-07,0.0,0.0,0.0,0.0,0.0,0.0,0.0,0.0
8.910000000003492,0.02609870910644929,4.585078125001019,0.013430042266840303,0.0,0.0,0.0,0.0,0.0,0.0,0.0,0.0,0.0,0.05000000000001137,0.0,0.010000000000047748,0.0,0.0,0.00030203437169440406,0.0003369939688586676,-1.1118965325351837e-05,-8.121372540592642e-05,-0.00019137001882052473,-0.00027067532538804784,0.0002881910548652583,-0.0009227755424570105,-6.455111249067946e-05,-3.9113770208765164e-05,1.2028169025013469e-05,5.625509617901425e-05,-6.5500131227747005e-06,-2.1627180214367492e-05,-4.371429224797607e-05,1.5525152845641266e-05,4.803184247753611e-05,-0.0001071564063045427,-1.7444173505715144e-05,-9.050074260830154e-06,0.0,0.0,0.0,0.0,0.0,0.0,0.0,0.0
0.9599999999991269,0.0028121185302723006,0.13757812500080036,0.00040359497069886174,0.0,0.0,0.0,0.0,0.0,0.0,0.0,0.0,0.0,0.05000000000001137,0.0,0.010000000000047748,0.0,0.0,6.458767264216903e-05,8.961166417442712e-05,6.940018515333435e-05,-1.2320356423511925e-05,-2.6530051266515642e-05,0.00014315575528911495,2.114073927256266e-05,-0.0003445583621539683,-2.4876650857041938e-06,-3.345105971386264e-06,3.0525871962394646e-06,-4.2385442211578805e-06,-4.805800756790823e-06,-3.215491713309815e-06,-6.098975717017119e-06,1.734971674771657e-05,3.523456545424797e-06,-6.762901240353614e-06,-6.72262021592096e-07,-7.739846424742458e-07,0.0,0.0,0.0,0.0,0.0,0.0,0.0,0.0
0.3499999999985448,0.0010250854492284134,0.03773437500058208,0.00011142730712521143,0.0,0.0,0.0,0.0,0.0,0.0,0.0,0.0,0.0,0.0,0.0,0.0,0.0,0.0,2.0157418012978212e-05,1.6632869678900875e-05,-6.573628902550865e-06,-3.348280007475779e-06,8.851801697185024e-06,-7.960596298062228e-05,1.6632869679331086e-05,-6.5736289007745086e-06,-3.348280007212101e-06,8.851801697351558e-06,9.046249653810179e-07,2.772144946483479e-06,-6.710496450734738e-07,-9.048330096572688e-07,2.0481140600159264e-06,-5.81392043919049e-06,2.772144946552868e-06,-6.710496449624515e-07,-9.048330096572688e-07,2.048114059988171e-06,0.0,0.0,0.0,0.0,0.0,0.0,0.0,0.0
217.3199999999997,0.636544189453133,120.6826171875,0.35348731994628935,0.0,0.0,0.0,0.0,0.0,0.0,0.0,0.0,0.0,0.009999999999990905,0.0,1.5900000000000318,0.0,0.0,-0.006418168083813569,-0.003111299781614729,-0.006894201277266809,-0.0015326775790496239,-1.3639459596204162e-05,-0.0066577314500806395,-0.003111299781614646,-0.02084680564216601,-0.0015326775790493186,-1.3639459595926606e-05,-0.000551944974850449,-0.0005185499636024549,-0.001002904330880905,-0.00041418796029446536,-3.155873789795205e-06,-0.0005618491515217983,-0.0005185499636024479,-0.0013547939831303202,-0.00041418796029442373,-3.1558737897535716e-06,0.0,0.0,0.0,0.0,0.0,0.0,0.0,0.0
1.7799999999988358,0.005213623046884663,0.3926171875009459,0.001150932312008024,0.0,0.0,0.0,0.0,0.0,0.0,0.0,0.0,0.0,0.0,0.0,0.010000000000047748,0.0,0.0,0.00019453448517392502,4.130820192527196e-05,5.105204895716753e-05,-1.6988103853088354e-05,-1.3639459596204162e-05,-3.955773221253622e-05,4.1308201925605026e-05,-0.00016054998846648516,-1.6988103852852432e-05,-1.3639459595926606e-05,1.4809767889034653e-05,6.884700320952675e-06,3.1132776302511544e-06,-4.5908338324740505e-06,-3.155873789795205e-06,3.115953241317193e-06,6.884700320931858e-06,-9.843469537473837e-06,-4.590833832418539e-06,-3.1558737897535716e-06,0.0,0.0,0.0,0.0,0.0,0.0,0.0,0.0
0.8899999999994179,0.0026068115234352263,0.782539062500291,0.0022926902770947777,0.0,0.0,0.0,0.0,0.0,0.0,0.0,0.0,0.0,0.0,0.0,0.020000000000038654,0.0,0.0,1.9432183215428722e-05,4.152583607774929e-05,1.718446315557287e-05,-8.506578656142239e-06,1.221769356729574e-05,4.780086693578767e-06,4.152583607776317e-05,-0.0006516893069044016,-8.506578656017338e-06,1.221769356729574e-05,1.458823641553586e-06,6.920972679624882e-06,-3.477069460355864e-06,-2.298802116551535e-06,2.8269081065457335e-06,1.2368827619901879e-06,6.920972679624882e-06,-2.658013956091665e-05,-2.2988021164960237e-06,2.8269081065457335e-06,0.0,0.0,0.0,0.0,0.0,0.0,0.0,0.0
1.360000000000582,0.003983459472664208,0.13253906250065484,0.00038820266723149643,0.0,0.0,0.0,0.0,0.0,0.0,0.0,0.0,0.0,0.0,0.0,0.010000000000047748,0.0,0.0,0.00010036428265269848,6.146240848492468e-05,4.225431564641724e-06,-1.3073714884237475e-05,1.221769356729574e-05,5.819043898469545e-05,6.094517484046824e-05,4.225431564641724e-06,-1.289340922230875e-05,1.221769356729574e-05,8.19404891860831e-06,1.0245093593264087e-05,-6.177414476615795e-07,-3.52936752795463e-06,2.8269081064902224e-06,6.37363624944598e-06,1.0157529140075727e-05,-6.177414476615795e-07,-3.4842911125210208e-06,2.8269081065457335e-06,0.0,0.0,0.0,0.0,0.0,0.0,0.0,0.0
28.580000000001746,0.08371261596680313,10.830273437501091,0.03172286987304318,0.0,0.0,0.0,0.0,0.0,0.0,0.0,0.0,0.0,1.0299999999999727,0.0,0.4300000000000068,0.0,0.0,0.0009196568961575835,0.0011249588478707828,-4.20004923977757e-05,-0.00026119787708556164,-0.0002156283445515772,-0.004282536356686073,-0.0066431129772802355,-0.012530034937776158,-0.0002611978770852841,-0.0019145926753001696,3.645623292891642e-05,0.0001236340450238016,-0.00010853471570937412,-7.058563224388026e-05,-0.00011776110019146024,-0.00010607102352910847,-0.0018175347159677807,-0.0004582725871008497,-7.058563224386638e-05,4.737797739258476e-05,0.0,0.0,0.0,0.0,0.0,0.0,0.0,0.0
85.72000000000116,0.25107940673828466,52.440156250000655,0.1536003875732419,0.0,0.0,0.0,0.0,0.0,0.0,0.0,0.0,0.0,0.2899999999999636,0.0,1.1200000000000045,0.0,0.0,-0.0012045772169928526,0.002825110769901773,-0.001172831057948187,-0.0006403889944561758,6.18497943898344e-05,-0.004858714560769251,0.0007227515429585885,-0.01729590426910299,-0.0006403889944562036,-0.001637114536358536,-0.00013106141206120636,0.00042572055362177785,-0.00029135209414776764,-0.0001730575399773726,-5.458758329068836e-05,-0.0002801917931215536,0.00014695397043849867,-0.0008148180583232856,-0.00017305753997741424,0.00011055149429339828,0.0,0.0,0.0,0.0,0.0,0.0,0.0,0.0
17.599999999998545,0.05155151367188182,8.607773437501237,0.025212669372557173,0.0,0.0,0.0,0.0,0.0,0.0,0.0,0.0,0.0,0.0,0.0,0.34000000000003183,0.0,0.0,0.0006992453670111587,0.0007927502910249906,0.0009903675369162812,-0.00016369116856596033,0.00010934704083798152,-0.002228744364515478,0.0007927502910255735,-0.0032476336496447544,-0.0001636911685657383,0.00010934704083817581,3.789730383318979e-05,0.00011056074522253212,7.189671533125441e-06,-4.423559928928844e-05,2.5300522923432656e-05,-5.39071760251586e-05,0.00011056074522228232,0.00040950283443863533,-4.4235599289260685e-05,2.530052292346041e-05,0.0,0.0,0.0,0.0,0.0,0.0,0.0,0.0
1.0500000000029104,0.003075408935544033,0.1251953125010914,0.00036701202392208643,0.0,0.0,0.0,0.0,0.0,0.0,0.0,0.0,0.0,0.0,0.0,0.020000000000038654,0.0,0.0,5.676539145405002e-05,4.9339034763118406e-05,0.00011144905750803957,-1.0033191060743185e-05,0.00011782681858707456,-0.00016227531113699456,4.933903476345147e-05,0.00011052874121730838,-1.0033191060659918e-05,0.00011782681858701904,2.8084898807678726e-06,8.223172460519734e-06,8.228846116287158e-06,-2.711351035245002e-06,2.7262558746965482e-05,-5.125740983324967e-06,8.223172460575245e-06,8.206092885210126e-06,-2.71135103525888e-06,2.7262558746965482e-05,0.0,0.0,0.0,0.0,0.0,0.0,0.0,0.0
1.1200000000026193,0.0032804870605502856,0.13269531250080036,0.0003889846801712338,0.0,0.0,0.0,0.0,0.0,0.0,0.0,0.0,0.0,0.009999999999990905,0.0,0.020000000000038654,0.0,0.0,9.966355599200227e-05,5.224831874350855e-05,3.1034870067614406e-05,7.342183253933321e-06,-5.033990766234453e-06,-0.00011632780034442902,5.2248318743716715e-05,-0.0019777702882466386,7.342183254085977e-06,-5.033990766123431e-06,7.507961676145314e-06,8.708053123918091e-06,-8.293537969494835e-06,1.9841380520801977e-06,-1.1647557885408055e-06,4.897045082552509e-06,8.708053123952786e-06,-7.9327536437801e-05,1.984138052052442e-06,-1.1647557885269277e-06,0.0,0.0,0.0,0.0,0.0,0.0,0.0,0.0
1.430000000000291,0.00418853759765625,0.1951171875007276,0.0005715179443370744,0.0,0.0,0.0,0.0,0.0,0.0,0.0,0.0,0.0,0.0,0.0,0.0,0.0,0.0,7.694717718642607e-05,0.00010164999892170457,0.0,0.00010970890608519301,0.0,1.6196563804804498e-05,0.00010164999892221804,0.0,0.00010970890608524853,0.0,5.768078258583387e-06,1.6941666487135798e-05,0.0,2.9647532304721835e-05,0.0,4.350533184926952e-06,1.6941666487031715e-05,0.0,2.9647532304707958e-05,0.0,0.0,0.0,0.0,0.0,0.0,0.0,0.0,0.0
0.06999999999970896,0.00020492553711903838,0.0078125,2.288818359375e-05,0.0,0.0,0.0,0.0,0.0,0.0,0.0,0.0,0.0,0.0,0.0,0.0,0.0,0.0,2.6959806866955205e-06,1.887135869349521e-06,-1.4006819437639706e-07,-3.8285743875210443e-07,-8.321756010953862e-07,-1.1956115835154435e-05,1.8871358699046326e-06,-1.4006819437639706e-07,-3.8285743862720434e-07,-8.321756009843639e-07,2.537928955881341e-08,3.145226450396166e-07,-1.4298451311844929e-08,-1.034626876394995e-07,-1.9254730360129813e-07,-1.9656158989356243e-07,3.145226449841054e-07,-1.4298451311844929e-08,-1.0346268762562172e-07,-1.9254730358742034e-07,0.0,0.0,0.0,0.0,0.0,0.0,0.0,0.0
3.8799999999973807,0.011364746093747158,2.092734375000873,0.006129684448239914,0.0,0.0,0.0,0.0,0.0,0.0,0.0,0.0,0.0,0.0,0.0,0.32000000000005,0.0,0.0,6.725126089435207e-05,0.00017991308497578018,0.00021786531746315063,4.792870276315586e-05,-8.444138674734702e-06,-0.00014989804181553268,0.00017991308497573855,-0.002307505013064315,4.792870276321137e-05,-8.444138674568169e-06,3.9113359761033806e-06,2.9985514162556015e-05,-2.6629528331545416e-05,1.2952164178875458e-05,-1.9537897182342334e-06,-7.2848845459327904e-06,2.9985514162618465e-05,-4.5372180073943724e-05,1.2952164178819947e-05,-1.9537897181787223e-06,0.0,0.0,0.0,0.0,0.0,0.0,0.0,0.0
0.37999999999738066,0.0011129760742250028,0.05007812500116415,0.0001469802856419733,0.0,0.0,0.0,0.0,0.0,0.0,0.0,0.0,0.0,0.0,0.0,0.010000000000047748,0.0,0.0,3.1702441489755984e-06,1.9560926352024666e-05,1.073462442402473e-05,-3.6350945518126565e-06,-3.3451059715527975e-06,-2.6143668862665947e-05,1.9560926352149566e-05,-0.0011553437459381755,-3.635094551590612e-06,-3.345105971386264e-06,-1.3946189658664565e-07,3.2601543918930886e-06,-2.0471932384857894e-06,-9.823412427945044e-07,-7.739846424881236e-07,-5.832021775509233e-07,3.2601543920179887e-06,-2.5813964582788174e-05,-9.823412427945044e-07,-7.739846424742458e-07,0.0,0.0,0.0,0.0,0.0,0.0,0.0,0.0
1.8099999999976717,0.005301513671881253,0.27257812500101863,0.0007993316650356519,0.0,0.0,0.0,0.0,0.0,0.0,0.0,0.0,0.0,0.0,0.0,0.020000000000038654,0.0,0.0,0.00011288245085783188,8.03363326444817e-05,3.1463279380083975e-05,8.304866419195367e-05,-1.8041358613274383e-05,-0.00014842797494463156,8.033633264446782e-05,-0.000118903670346171,8.304866419198143e-05,-1.8041358613080094e-05,7.203099446684291e-06,1.3389388774154298e-05,6.7781423807034e-08,2.244291773892404e-05,-4.174377318921785e-06,-4.655903116268512e-06,1.3389388774071032e-05,-7.34895166598637e-06,2.2442917738896284e-05,-4.174377318866274e-06,0.0,0.0,0.0,0.0,0.0,0.0,0.0,0.0
1.1299999999973807,0.0033097839355491487,0.17757812499985448,0.0005201339721665477,0.0,0.0,0.0,0.0,0.0,0.0,0.0,0.0,0.0,0.0,0.0,0.0,0.0,0.0,7.512158390188262e-05,5.123294018405389e-05,2.4224608239364898e-06,7.442547520841725e-05,-8.444138674734702e-06,-0.00012864849108051857,5.1232940183887354e-05,2.4224608257128466e-06,7.442547520837561e-05,-8.444138674568169e-06,4.585220377828492e-06,8.538823363934966e-06,2.472898151806291e-07,2.0112603062699685e-05,-1.9537897182342334e-06,-4.200096438089496e-06,8.5388233639766e-06,2.472898151806291e-07,2.0112603062699685e-05,-1.9537897181787223e-06,0.0,0.0,0.0,0.0,0.0,0.0,0.0,0.0
1.2300000000032014,0.003602752685551991,0.20027343750007276,0.0005866241455052545,0.0,0.0,0.0,0.0,0.0,0.0,0.0,0.0,0.0,0.0,0.0,0.0,0.0,0.0,7.22912554236288e-05,5.519148763744042e-05,6.134512252842228e-06,7.345772374034443e-05,-1.5392369300926134e-05,-0.00010877817220844577,5.519148763831472e-05,6.134512252842228e-06,7.345772374037218e-05,-1.5392369300676334e-05,3.932836583619981e-06,9.19858127312878e-06,6.26223708444229e-07,1.9851079692045914e-05,-3.561458905121384e-06,2.181105822507412e-06,9.198581273045514e-06,6.26223708444229e-07,1.9851079692032036e-05,-3.5614589050797507e-06,0.0,0.0,0.0,0.0,0.0,0.0,0.0,0.0
12.660000000003492,0.03708190917969034,13.022734375001164,0.038144702911374395,0.0,0.0,0.0,0.0,0.0,0.0,0.0,0.0,0.0,0.2300000000000182,0.0,0.11000000000001364,0.0,0.0,0.00032086981464463094,0.0005150257697477123,0.00030473848334544584,0.0010917628832702864,-1.4514601539561411e-05,-0.0006150101761575044,0.0005150257697473376,-8.313441622220807e-05,0.0010917628832703419,-1.4514601539450389e-05,1.968863503132301e-05,8.583762829117436e-05,1.2364645907370075e-05,0.00023879028784543066,-3.358362568928186e-06,-5.111041924443782e-05,8.583762829122293e-05,5.713734740897536e-06,0.00023879028784544454,-3.3583625689004304e-06,0.0,0.0,0.0,0.0,0.0,0.0,0.0,0.0
5.279999999998836,0.015465393066406818,4.507617187500728,0.013203716278077593,0.0,0.0,0.0,0.0,0.0,0.0,0.0,0.0,0.0,0.0,0.0,0.1500000000000341,0.0,0.0,7.39905995201795e-05,0.00011658235096767555,1.1560833013568583e-05,-5.010160112595141e-05,-1.0165288586883037e-05,-9.702119499888084e-05,0.00011658235096785596,-0.0007421352306975493,-5.010160112590978e-05,-1.0165288586883037e-05,5.104045025405846e-06,1.9430391827945925e-05,-1.849779803964058e-05,-1.3539364222103778e-05,-2.3520263095488936e-06,-4.897148046634214e-06,1.943039182797368e-05,-7.483181416489959e-05,-1.3539364222117656e-05,-2.352026309465627e-06,0.0,0.0,0.0,0.0,0.0,0.0,0.0,0.0
8.860000000000582,0.02595153808593409,8.93500000000131,0.026171760559080326,0.0,0.0,0.0,0.0,0.0,0.0,0.0,0.0,0.0,0.0,0.0,0.4500000000000455,0.0,0.0,0.00010412656469060977,0.0005168087808442579,0.0005345702968329036,0.0008168276096196525,-1.8041358613274383e-05,-0.0002385898754617699,0.0005168087808441468,-0.002966590003837588,0.0008168276096198468,-1.8041358613080094e-05,5.83892276884157e-06,8.61347968073023e-05,-3.6798238547519624e-05,0.0001665786660557944,-4.174377318921785e-06,-7.158183626398973e-06,8.61347968073578e-05,-0.00022397311834820854,0.00016657866605582217,-4.174377318866274e-06,0.0,0.0,0.0,0.0,0.0,0.0,0.0,0.0
17.290000000000873,0.050643463134761646,11.002695312499782,0.03222820281982308,0.0,0.0,0.0,0.0,0.0,0.0,0.0,0.0,0.0,0.6399999999999864,0.0,0.2300000000000182,0.0,0.0,0.0009638412783727901,0.0007233076813197847,-0.00019255495084991026,-0.00016088826116911203,0.0005281726935506548,-0.0001476194362339811,-0.007453992168964765,-0.0019234492238453527,-0.0001608882611690704,0.0005281726935507103,6.207558472781649e-05,5.742150611454111e-05,-4.837576592553461e-05,-4.347814676733397e-05,0.00012220765407350287,5.025062518126955e-05,-0.001248200656986484,-0.0001331743037280564,-4.347814676734785e-05,0.00012220765407355838,0.0,0.0,0.0,0.0,0.0,0.0,0.0,0.0
1.5,0.004393615722662503,1.252617187499709,0.0036689567565915127,0.0,0.0,0.0,0.0,0.0,0.0,0.0,0.0,0.0,0.0,0.0,0.03000000000002956,0.0,0.0,3.1822104895162795e-05,7.654078731134106e-05,1.4419699209788917e-05,-1.4322453061765827e-05,-5.033990766234453e-06,-1.2163355704863932e-05,7.654078731146596e-05,-0.0001489823477491825,-1.4322453061668683e-05,-5.033990766123431e-06,2.108981900894591e-06,1.2756797885149496e-05,-4.800738426236073e-06,-3.870473282235887e-06,-1.1647557885408055e-06,1.4435847750515762e-06,1.275679788524664e-05,-1.2388679104136102e-05,-3.8704732822497645e-06,-1.1647557885269277e-06,0.0,0.0,0.0,0.0,0.0,0.0,0.0,0.0
0.7600000000020373,0.00222610473633722,0.09777343750101863,0.00028667449951313984,0.0,0.0,0.0,0.0,0.0,0.0,0.0,0.0,0.0,0.0,0.0,0.020000000000038654,0.0,0.0,6.778454185241145e-05,3.029038421908936e-05,2.2311588988799258e-05,4.648170914467453e-05,-1.6670899267712258e-06,-0.0001052892254245208,3.0290384218895072e-05,-0.00017761135057359212,4.6481709144854944e-05,-1.667089926687959e-06,4.572600714625175e-06,5.048397369922242e-06,-8.659787904541361e-07,1.2561131293942207e-05,-3.8572828842120543e-07,-6.1810325405753375e-06,5.048397369818158e-06,-9.8336748368677e-06,1.2561131293942207e-05,-3.8572828839344986e-07,0.0,0.0,0.0,0.0,0.0,0.0,0.0,0.0
1.6999999999970896,0.004979400634766762,0.2702734374997817,0.000792579650877201,0.0,0.0,0.0,0.0,0.0,0.0,0.0,0.0,0.0,0.0,0.0,0.03000000000002956,0.0,0.0,3.5014100379093804e-05,7.666899316216558e-05,3.246194910921929e-05,-1.622674137791158e-05,-1.715575470706554e-05,-0.00025297747873942455,7.666899316266518e-05,-0.0004960494566601525,-1.622674137771729e-05,-1.7155754706899007e-05,5.364938235885575e-07,1.2778165527027596e-05,-2.9607709401968663e-06,-4.385084642261061e-06,-3.9694678695134655e-06,-8.569507236377838e-06,1.2778165527103924e-05,-2.6393959335568873e-05,-4.385084642274939e-06,-3.969467869471832e-06,0.0,0.0,0.0,0.0,0.0,0.0,0.0,0.0
3.9499999999970896,0.01156982421875341,2.1026171875000728,0.0061592483520485075,0.0,0.0,0.0,0.0,0.0,0.0,0.0,0.0,0.0,0.12000000000000455,0.0,0.08000000000004093,0.0,0.0,0.00016982261952946942,0.0001837522379553036,8.51037668674337e-05,-3.7563470703827484e-05,-1.5897572851253372e-05,-0.0005747140068432799,0.00018375223795558115,-0.003731045041678982,-3.756347070378585e-05,-1.5897572851308883e-05,9.825698757959245e-06,3.062537299258761e-05,-1.407565876765382e-05,-1.0151082996873173e-05,-3.678351999880647e-06,3.141358274616479e-06,3.0625372992601485e-05,-0.00020093329791814885,-1.0151082996873173e-05,-3.6783519999084024e-06,0.0,0.0,0.0,0.0,0.0,0.0,0.0,0.0
0.3600000000005821,0.0010543823242272765,0.10773437500029104,0.00031616210937102096,0.0,0.0,0.0,0.0,0.0,0.0,0.0,0.0,0.0,0.0,0.0,0.0,0.0,0.0,7.29101275709354e-06,1.4998493141682445e-05,-5.258846123012972e-07,-3.4438880268661265e-06,-3.3451059715527975e-06,-2.2022900255436184e-05,1.4998493142140412e-05,-5.258846123012972e-07,-3.4438880268106153e-06,-3.345105971386264e-06,2.1346579870407112e-07,2.4997488569100668e-06,-5.36833897335498e-08,-9.306699444433519e-07,-7.739846424881236e-07,-2.3027448214918422e-07,2.499748857021089e-06,-5.36833897335498e-08,-9.306699444155964e-07,-7.739846424742458e-07,0.0,0.0,0.0,0.0,0.0,0.0,0.0,0.0
49.93000000000029,0.1462481689453199,31.780117187499854,0.09308593749999972,0.0,0.0,0.0,0.0,0.0,0.0,0.0,0.0,0.0,0.2899999999999636,0.0,1.6200000000000045,0.0,0.0,0.0012196901318386466,0.0021438479719533277,0.00010231673344485159,-0.0004281224887893176,0.00012395656097763386,0.0003358470401551017,2.2804279074223333e-05,-0.012886833737836056,-0.0004260427488498725,7.68042082519571e-05,9.442668562331669e-05,0.0002982566417927268,-0.00027652660342758484,-0.00011567924888436498,2.8506008340145605e-05,9.46219759891953e-05,3.115290749281657e-05,-0.000909011608735466,-0.00011513300615632882,1.7770820468498982e-05,0.0,0.0,0.0,0.0,0.0,0.0,0.0,0.0
68.94999999999709,0.2019589996337885,39.89757812500102,0.11686283111571782,0.0,0.0,0.0,0.0,0.0,0.0,0.0,0.0,0.0,0.37999999999999545,0.0,2.400000000000034,0.0,0.0,0.0020114056178934803,0.0029344274505027634,0.0002829177281808981,-0.0006704404691256771,0.00035522088266692897,-0.0010002428602522428,0.00238587089861432,-0.01551935335195509,-0.0005159461011707139,9.134108819816578e-05,0.00014262096142225733,0.0004668169104535824,-0.00034188918584987515,-0.00017908863894028348,8.192701801662539e-05,0.00010773766544402985,0.00037509467225049775,-0.001202475870258679,-0.00013942832216434775,2.1134337775369216e-05,0.0,0.0,0.0,0.0,0.0,0.0,0.0,0.0
79.95999999999913,0.2342088317871145,50.83765624999978,0.14890750885009396,0.0,0.0,0.0,0.0,0.0,0.0,0.0,0.0,0.0,0.15999999999996817,0.0,3.4399999999999977,0.0,0.0,0.0014416788585149831,0.003044766883240513,-9.632958702088246e-05,-0.000667021222292008,0.00015557339097260758,-0.0011927066693093735,0.0004638589894119527,-0.019288757758322284,-0.00066546131408253,0.00011907197464336439,0.00010678325813606726,0.0004620546677387427,-0.0004565162712105719,-0.00018024274652636563,3.586094726387712e-05,9.085092370875181e-05,0.00010930755637781481,-0.0010342190859945477,-0.00017983303736043843,2.7550660730402132e-05,0.0,0.0,0.0,0.0,0.0,0.0,0.0,0.0
47.87000000000262,0.14021423339843864,39.017734375000146,0.11428558349609119,0.0,0.0,0.0,0.0,0.0,0.0,0.0,0.0,0.0,0.38999999999998636,0.0,0.010000000000047748,0.0,0.0,0.0013427507211529743,0.002426056980239899,-0.001895455404677726,-0.00042456369040988484,0.00017108956594258373,-0.0005882413882059012,0.0024260569802408982,-0.0018954554046786143,-0.00042456369040981545,0.00017108956594263924,0.00010194198470758753,0.0003817674765151935,-0.00019450899103112818,-0.00011473330813321914,3.958639805801134e-05,1.7111817196768797e-05,0.0003817674765152282,-0.00019450899103101715,-0.00011473330813319138,3.958639805809461e-05,0.0,0.0,0.0,0.0,0.0,0.0,0.0,0.0
130.34000000000378,0.3817750549316372,72.7977343750008,0.21322959899902116,0.0,0.0,0.0,0.0,0.0,0.0,0.0,0.0,0.0,0.6399999999999864,0.0,3.330000000000041,0.0,0.0,0.006127893058120115,0.005024521631782797,0.0009881295747735663,-0.0014719217859610056,0.0010901458315755175,-0.003516635614407626,0.0013449706243153503,-0.01759226583735085,-0.0007266898255476051,0.0006302158126945123,0.00045231671544032626,0.0007916551367269653,-0.0005236589076398346,-0.0003886179157839009,0.000248924736294065,0.000255990529275274,0.0002498954843553336,-0.0010196556850121663,-0.00019637931729710179,0.0002094435607816192,0.0,0.0,0.0,0.0,0.0,0.0,0.0,0.0
0.5199999999967986,0.0015231323242232975,0.06511718749970896,0.00019134521484431843,0.0,0.0,0.0,0.0,0.0,0.0,0.0,0.0,0.0,0.01999999999998181,0.0,0.010000000000047748,0.0,0.0,3.192592800616012e-05,1.4834263959428995e-05,1.553652582586551e-05,4.190186137065233e-06,-3.3451059715527975e-06,-0.00016706268363186894,1.4834263960067373e-05,1.553652582675369e-05,4.190186137328911e-06,-3.345105971386264e-06,1.501914403623239e-06,2.472377326645514e-06,5.367273233636283e-07,1.132348168453312e-06,-7.739846424881236e-07,-8.457702451503124e-06,2.4723773266732696e-06,5.367273234746506e-07,1.132348168453312e-06,-7.739846424742458e-07,0.0,0.0,0.0,0.0,0.0,0.0,0.0,0.0
9.980000000003201,0.029232025146484375,5.660078124999927,0.016578731536860403,0.0,0.0,0.0,0.0,0.0,0.0,0.0,0.0,0.0,0.0,0.0,0.020000000000038654,0.0,0.0,-8.757647040535943e-05,0.0004777186155036084,-2.076871814349346e-05,-9.397349651751874e-05,3.430718712382763e-05,-0.0003711657030258664,0.00047771861550394146,-0.0013984872029411122,-9.39734965173522e-05,3.4307187123994165e-05,-9.958951161515017e-06,7.96197692506384e-05,-1.0466938096032052e-05,-2.5395224263952132e-05,7.937935655288886e-06,-2.3140143674993396e-05,7.961976925065228e-05,-0.00010091136160406133,-2.5395224263924376e-05,7.937935655302764e-06,0.0,0.0,0.0,0.0,0.0,0.0,0.0,0.0
7.059999999997672,0.020679168701178696,5.3474999999998545,0.015663776397701668,0.0,0.0,0.0,0.0,0.0,0.0,0.0,0.0,0.0,0.0,0.0,0.020000000000038654,0.0,0.0,3.6796120585158576e-05,0.00018649659172842448,-2.025533248950495e-05,-6.679641519613533e-05,-2.1609689494273e-05,-0.0001340625011971852,0.00018649659172889632,-0.001591232832874212,-6.679641519607982e-05,-2.1609689493995443e-05,6.890593504671472e-07,3.1082765288070746e-05,-1.248627846450745e-05,-1.80509399649309e-05,-5.000011342071176e-06,-8.976218551781656e-07,3.1082765288147074e-05,-0.00010677296570749117,-1.805093996494478e-05,-5.000011342057298e-06,0.0,0.0,0.0,0.0,0.0,0.0,0.0,0.0
0.5100000000020373,0.0014938354492244343,0.06277343750116415,0.00018478393554488548,0.0,0.0,0.0,0.0,0.0,0.0,0.0,0.0,0.0,0.009999999999990905,0.0,0.07000000000005002,0.0,0.0,7.08302693173124e-05,1.1955709457556196e-05,5.9376722519211e-05,3.4825457791765047e-05,-3.3451059715527975e-06,-1.0188550563228205e-06,1.1955709457292518e-05,-0.0002445033922455764,3.482545779184831e-05,-3.345105971386264e-06,4.833415972793631e-06,1.992618242852018e-06,-4.3706429099232835e-06,9.411167440742663e-06,-7.739846424881236e-07,5.7478193443705194e-06,1.9926182428797734e-06,-9.859204236017938e-06,9.41116744075654e-06,-7.739846424742458e-07,0.0,0.0,0.0,0.0,0.0,0.0,0.0,0.0
3.6900000000023283,0.010808258056641762,3.8000390625002183,0.011131458282470419,0.0,0.0,0.0,0.0,0.0,0.0,0.0,0.0,0.0,0.0,0.0,0.27000000000003865,0.0,0.0,2.7177877853112875e-05,0.00019059113083130796,0.00030372164823688763,-3.51059830305811e-05,-5.033990766234453e-06,-9.999903387747366e-05,0.00019059113083085,0.0005604327691983713,-3.510598303052559e-05,-5.033990766123431e-06,8.901757768686736e-07,3.1765188471810646e-05,-1.5958675290694835e-05,-9.486976063538544e-06,-1.1647557885408055e-06,-1.0542636811328165e-06,3.176518847180371e-05,0.0003272846829728282,-9.486976063524666e-06,-1.1647557885269277e-06,0.0,0.0,0.0,0.0,0.0,0.0,0.0,0.0
80.26000000000204,0.2350866699218841,15.840039062501091,0.04639678955077642,0.0,0.0,0.0,0.0,0.0,0.0,0.0,0.0,0.0,5.670000000000016,0.0,0.36000000000001364,0.0,0.0,0.0021205633848868644,0.0022988215431785086,0.00033515240324977214,-0.0006782571846503105,0.002447819458715861,-0.024086129259482725,-0.005878478307106472,-0.0011916941988765473,-0.0006782571846503105,0.0007488551279671574,-4.618825477531452e-06,0.0002961111795839466,-0.00013836366115715926,-0.00018329096980698734,0.0004886267235697517,-0.0006939887258700095,-0.001009510983517023,0.005499137865182635,-0.00018329096980697346,0.0006537658011538244,0.0,0.0,0.0,0.0,0.0,0.0,0.0,0.0
1.5199999999967986,0.004452056884773015,0.34011718750116415,0.0009965133666938186,0.0,0.0,0.0,0.0,0.0,0.0,0.0,0.0,0.0,0.0,0.0,0.0,0.0,0.0,9.257655938732512e-05,5.1752487670420066e-05,1.0095358431883028e-05,-1.451293862686498e-05,1.0540192284302918e-05,5.077290224253517e-05,5.175248767037843e-05,1.0095358432771206e-05,-1.4512938626656813e-05,1.0540192284441696e-05,7.312166571460388e-06,8.625414611662663e-06,1.0305550850464584e-06,-3.921949749768894e-06,2.438770857149386e-06,5.713259339179544e-06,8.625414611725113e-06,1.0305550850464584e-06,-3.9219497497827716e-06,2.438770857163264e-06,0.0,0.0,0.0,0.0,0.0,0.0,0.0,0.0
25.25,0.07395904541016307,10.852695312500146,0.03178874969481882,0.0,0.0,0.0,0.0,0.0,0.0,0.0,0.0,0.0,0.3299999999999841,0.0,0.8600000000000136,0.0,0.0,0.0009069934697274462,0.0010010569489136145,0.00026444123163127387,-0.0001995769190645813,0.0006712595141420419,-0.0006770986457853567,-0.005462369409782578,-0.008113143242425735,-0.00019496536633575867,-0.0014869631054452714,5.923709999899884e-05,6.820231828497114e-05,-0.00010524036282288929,-5.389830295582376e-05,8.415687916352166e-05,3.276822105191535e-05,-0.0021562135810131167,-0.0006252936729923553,-5.268708077582618e-05,7.163059846468367e-05,0.0,0.0,0.0,0.0,0.0,0.0,0.0,0.0
4.6600000000034925,0.013649444580082104,1.2575390625006548,0.00368429183959762,0.0,0.0,0.0,0.0,0.0,0.0,0.0,0.0,0.0,0.0,0.0,0.03000000000002956,0.0,0.0,0.0003305365894856749,0.0002222919204251106,6.481607019992452e-05,-4.4263588187876124e-05,-8.618586645692261e-06,-0.00026621615516297936,-0.0018800673065183515,-0.001212034591014266,-4.42635881877651e-05,-8.618586645414705e-06,2.2760607073513128e-05,-4.8964442245225115e-06,-6.916902098641486e-06,-1.1961710380231638e-05,-1.994153177919955e-06,-2.4744208396709766e-06,-0.00028366302740763516,-2.5105176273965135e-05,-1.1961710380190005e-05,-1.994153177975466e-06,0.0,0.0,0.0,0.0,0.0,0.0,0.0,0.0
195.79000000000087,0.5734812927246082,115.5926562500008,0.3385791778564453,0.0,0.0,0.0,0.0,0.0,0.0,0.0,0.0,0.0,2.7199999999999704,0.0,4.990000000000009,0.0,0.0,0.0030438665000120935,0.005365192979286171,-0.003435996946897113,-0.0016640002996692882,0.004023445600823905,-0.00789069824960631,0.009317082609256358,-0.02352405726359308,-7.930030302645552e-05,0.0026695702618888817,0.00012688871084243214,0.0005607391383316562,-0.0007676506947876804,-0.00041870988091211037,0.0008449958641258415,-0.00023661186979673232,0.009051529276628278,0.0038039585887975624,-2.1429967535402383e-05,-0.00022144941401264218,0.0,0.0,0.0,0.0,0.0,0.0,0.0,0.0
4.129999999997381,0.012097015380859943,2.522734375001164,0.007389564514156177,0.0,0.0,0.0,0.0,0.0,0.0,0.0,0.0,0.0,0.0,0.0,0.020000000000038654,0.0,0.0,5.756185873195818e-05,0.00013370520640121342,0.00026055839586192064,-3.926357508476919e-05,8.97300762874309e-05,-0.0001680369402583537,0.00013370520640144934,-0.0005593823940062137,-3.926357508461653e-05,8.973007628765295e-05,3.9025244361612366e-06,2.2284201066979925e-05,1.9256455682570284e-05,-1.0610516067099951e-05,2.0761584718143045e-05,-5.0961094263390905e-06,2.2284201066903597e-05,-9.645799121071885e-05,-1.0610516067086073e-05,2.0761584718129167e-05,0.0,0.0,0.0,0.0,0.0,0.0,0.0,0.0
10.239999999997963,0.029994430541989914,3.500273437501164,0.010253105163570808,0.0,0.0,0.0,0.0,0.0,0.0,0.0,0.0,0.0,0.0,0.0,0.07000000000005002,0.0,0.0,0.001574110408796514,0.00038875280646877286,0.0004387165127681669,-0.00016247630341614805,-1.6670899267712258e-06,6.00180545964335e-05,1.9387114710403552e-05,0.0022306975627000014,-6.69267470436441e-06,-1.667089926687959e-06,0.0001265334982776256,6.488506254698212e-05,-6.681043996092928e-05,-4.209621355441562e-05,-3.8572828842120543e-07,6.271182496964123e-06,3.2311857850672587e-06,7.583467027871826e-05,-1.8086160602920343e-06,-3.8572828839344986e-07,0.0,0.0,0.0,0.0,0.0,0.0,0.0,0.0
1.5199999999967986,0.004452056884773015,0.21273437499985448,0.0006234359741199569,0.0,0.0,0.0,0.0,0.0,0.0,0.0,0.0,0.0,0.0,0.0,0.0,0.0,0.0,9.598884310690892e-05,6.8238496447659e-05,-6.960337564088093e-06,-1.451293862686498e-05,-2.7039186462740616e-05,-0.0004496166987317807,6.823849644739532e-05,-6.960337564088093e-06,-1.4512938626656813e-05,-2.7039186462435305e-05,2.080395025250148e-06,1.1373082741239493e-05,-7.105256657480297e-07,-3.921949749768894e-06,-6.256278648975044e-06,-1.0712437200188774e-05,1.1373082741225615e-05,-7.105256656370074e-07,-3.9219497497827716e-06,-6.256278648961167e-06,0.0,0.0,0.0,0.0,0.0,0.0,0.0,0.0
5.599999999998545,0.016402740478511646,0.642578125,0.001882114410399538,0.0,0.0,0.0,0.0,0.0,0.0,0.0,0.0,0.0,0.009999999999990905,0.0,0.020000000000038654,0.0,0.0,-0.0002048273573098669,0.0003095136589661429,1.2704159294329997e-05,-5.3110115153742754e-05,-3.3451059715527975e-06,-0.00042423890306597656,0.0003095136589664066,-0.00031808922626375136,-5.3110115153742754e-05,-3.345105971386264e-06,-1.8567540015168582e-05,5.158560982765348e-05,-1.8462387456619211e-06,-1.4352379500620627e-05,-7.739846424881236e-07,-3.691315436205045e-05,5.1585609827729806e-05,-1.1144967355103397e-05,-1.4352379500565116e-05,-7.739846424742458e-07,0.0,0.0,0.0,0.0,0.0,0.0,0.0,0.0
31.279999999998836,0.09162109375000682,17.002656250000655,0.04980182647705078,0.0,0.0,0.0,0.0,0.0,0.0,0.0,0.0,0.0,0.029999999999972715,0.0,0.7100000000000364,0.0,0.0,-0.00041142867446453124,0.0013635906808522336,0.00018796174409185795,-0.00028465937872568237,5.114324026056494e-05,-0.0013893859761973104,0.0013635906808524417,-0.0011283621225475216,-0.0002846593787254742,5.114324026084249e-05,-3.971437927285937e-05,0.00022726511347548328,-8.997721435988204e-05,-7.692582514720603e-05,1.183343154670391e-05,-5.295125996596095e-05,0.00022726511347540002,-2.5605138139761507e-05,-7.692582514719215e-05,1.1833431546759421e-05,0.0,0.0,0.0,0.0,0.0,0.0,0.0,0.0
23.540000000000873,0.06895019531249602,14.492578125000364,0.042450523376466265,0.0,0.0,0.0,0.0,0.0,0.0,0.0,0.0,0.0,0.17000000000001592,0.0,0.2400000000000091,0.0,0.0,0.0007253665934161546,0.0009608829215101977,0.00016337297477431179,-0.00021686388176966886,6.750003280098227e-06,-0.0005429304497228671,0.0009608829215100173,-0.00326730464165248,-0.0002168638817693913,6.7500032803757826e-06,5.5927440875569445e-05,0.00016014715358503295,-2.025089921975365e-05,-5.860489517131584e-05,1.5618036977582683e-06,-1.1962403601240013e-05,0.0001601471535850052,-0.00024836367446057217,-5.860489517130196e-05,1.561803697841535e-06,0.0,0.0,0.0,0.0,0.0,0.0,0.0,0.0
62.529999999998836,0.18315429687500284,36.340117187501164,0.10644334793090593,0.0,0.0,0.0,0.0,0.0,0.0,0.0,0.0,0.0,0.8199999999999932,0.0,0.7100000000000364,0.0,0.0,0.00011146239954840098,0.00194446746321697,-5.484453033766101e-05,-0.0005297440648269758,-0.0004707474026932612,-0.0028478175405650674,0.0019279466659445493,-0.008721720379240239,-0.0005276753844204868,-0.0005412228739013203,-1.822403789475402e-05,0.00032403834955918587,-0.0001351384437613401,-0.00014314135996940092,-0.0001091820134274668,-3.965378547599041e-05,0.00032132444432408924,-0.0005755227048649392,-0.00014259802202251648,-0.00012522718148447187,0.0,0.0,0.0,0.0,0.0,0.0,0.0,0.0
0.680000000000291,0.001991729736332104,0.3902343749996362,0.0011430358886670433,0.0,0.0,0.0,0.0,0.0,0.0,0.0,0.0,0.0,0.0,0.0,0.10000000000002274,0.0,0.0,3.189400616054883e-05,3.211432022443006e-05,2.4668023480778345e-05,-6.501670980041396e-06,2.4334395036351708e-05,-0.0001684190293289589,3.2114320224707615e-05,2.4668023480778345e-05,-6.501670979805474e-06,2.4334395036573753e-05,1.9097418931801613e-06,5.352386704182699e-06,-7.907951496743948e-06,-1.7569995662825022e-06,5.6304488418312815e-06,-4.1762464371153385e-06,5.35238670411331e-06,-7.907951496632926e-06,-1.7569995662686244e-06,5.630448841914548e-06,0.0,0.0,0.0,0.0,0.0,0.0,0.0,0.0
5.739999999997963,-0.5230651950836176,1.840156250000291,-0.2029164463281674,0.0,0.0,0.0,0.0,0.0,0.0,0.0,0.0,0.0,0.15999999999996817,0.0,0.11000000000001364,0.0,0.0,-0.02292421295245184,-0.0026199065356755646,-0.007354530634041012,-0.0016677152310801135,-0.009586986280627707,-0.06800996908261947,0.0006786375127337263,0.020772684295775612,-0.0006091713257685843,-0.009136747692347569,-0.0011267813143621686,0.0010392450694782784,-1.9393425478964055e-05,0.0007249603404686222,0.0010642149949579016,-0.008202970789361386,0.00025262640858095264,0.01715670087863641,0.004793610576244667,-0.002630085773272589,0.0,0.0,0.0,0.0,0.0,0.0,0.0,0.0
0.41000000000349246,0.0012008666992215922,0.08269531249970896,0.00024284362793025593,0.0,0.0,0.0,0.0,0.0,0.0,0.0,0.0,0.0,0.0,0.0,0.010000000000047748,0.0,0.0,1.989958260217861e-05,1.6700387357460045e-05,9.832111438790037e-06,-3.668290539771135e-06,-7.587572131040332e-06,-7.411751249453147e-05,1.6447960295873365e-05,-0.0001447779331931187,-3.635094551590612e-06,-7.5875721310125765e-06,4.858467254065246e-07,2.782793427025254e-06,-1.0931467904207182e-06,-9.910601536100572e-07,-1.7555988819362156e-06,-1.9335649148466416e-06,2.7413267159742682e-06,-9.770720222346263e-06,-9.823412427945044e-07,-1.7555988818668267e-06,0.0,0.0,0.0,0.0,0.0,0.0,0.0,0.0
403.91999999999825,1.1831084442138717,53.28265625000131,0.15606899261474183,0.0,0.0,0.0,0.0,0.0,0.0,0.0,0.0,0.0,7.079999999999984,0.0,0.0,0.0,0.0,0.015370335260183943,0.005103305746460229,-0.0074835241781183726,-0.003646767273656648,-0.004486181783685206,-0.0043481272477965405,0.0017281999907254042,-0.0023643349655282364,-0.0009227964234032604,-0.000871436873087772,0.0010513866985079057,0.0008524093171179414,-0.0007891604975281963,-0.00094441145660068,-0.0010246013793483444,0.0014962174295727326,0.00028803333178756274,-0.00023896204108320163,-0.0002493748023726372,-0.00020163150657656614,0.0,0.0,0.0,0.0,0.0,0.0,0.0,0.0
24.860000000000582,0.07281730651855867,3.357734375000291,0.009835968017576135,0.0,0.0,0.0,0.0,0.0,0.0,0.0,0.0,0.0,0.44999999999998863,0.0,0.0,0.0,0.0,0.0019210258778601386,0.001571752132862425,0.0009591089985203638,-0.00026878856025802644,-0.00017895988587346423,0.0011983270196944673,0.0004790545342875374,-8.666464357975912e-05,-6.829230274299491e-05,-3.163342965517568e-05,0.00015435773878114123,0.0002637032606834788,8.460894419748399e-05,-6.955989110826732e-05,-4.0861137356518196e-05,0.00018638267881632142,7.984242238125161e-05,-6.52966390302101e-06,-1.8455185854859835e-05,-7.3192864297189075e-06,0.0,0.0,0.0,0.0,0.0,0.0,0.0,0.0
616.1600000000035,1.8047721099853504,80.75759765625116,0.23654479980468324,0.0,0.0,0.0,0.0,0.0,0.0,0.0,0.0,0.0,11.759999999999991,0.0,0.0,0.0,0.0,0.019752513495489232,0.0034661341112909305,-0.013843255665253906,-0.005117692339184021,-0.007796223748821385,-0.007477725505919963,0.001261599794103424,-0.004233303638189412,-0.001300119277788156,-0.001562737295832145,0.0012465778184620468,0.0005759933990227006,-0.0014365549866626193,-0.001327014036494767,-0.001780762774148792,0.002472089750099049,0.00021026663235056142,-0.0004296871110267553,-0.0003513418341648533,-0.00036158336314774664,0.0,0.0,0.0,0.0,0.0,0.0,0.0,0.0
99.18000000000029,0.2905046844482513,13.310156249999636,0.038987083435053194,0.0,0.0,0.0,0.0,0.0,0.0,0.0,0.0,0.0,1.4300000000000068,0.0,0.0,0.0,0.0,0.005916704466768508,0.004016674386793984,0.0006766917353022706,-0.0010461076652760193,-0.0007864048005341573,0.005461313602215689,0.0012605866582237057,-0.0001296067338554252,-0.000267560862995897,-0.00014715162916964508,0.0004578418690190933,0.0006733618258374374,5.0502815759245756e-05,-0.00027086234340309434,-0.00017958660952566152,0.0010718174567155847,0.000210097776370613,-1.091183107970739e-05,-7.230515381299873e-05,-3.4047681020804577e-05,0.0,0.0,0.0,0.0,0.0,0.0,0.0,0.0
198.5,0.5814193725585994,26.53753906250131,0.07773063659667656,0.0,0.0,0.0,0.0,0.0,0.0,0.0,0.0,0.0,2.980000000000018,0.0,0.0,0.0,0.0,0.009739075653157236,0.005287350285541059,-0.0014689910794682959,-0.001972583219657875,-0.0017162795435516909,0.0007721067407819859,0.0016834478313409867,-0.0007114628234052844,-0.0005014507246736688,-0.000329087053702215,0.0007253415412178388,0.0008855210056045726,-0.00017229747540314921,-0.0005109199312467172,-0.00039196603361418836,0.0006884167085416948,0.0002805746385568311,-7.028925404028996e-05,-0.00013551111837203922,-7.614357445963338e-05,0.0,0.0,0.0,0.0,0.0,0.0,0.0,0.0
139.13999999999942,0.40755088806152173,10.625,0.031121520996094887,0.0,0.0,0.0,0.0,0.0,0.0,0.0,0.0,0.0,9.689999999999998,0.0,0.03000000000002956,0.0,0.0,0.006999012898807777,0.004096334246130873,-0.0034907878231704714,-0.0013676020520009269,-0.0005465276010090392,-0.02872920432731263,-0.0034601764107175387,-0.0014619900966064137,-0.00032477285519953714,-0.007657190894156868,0.00015558152765970945,0.0004235985800603581,-0.00037371966531829504,-0.00035028911593654177,-0.00043517059628828125,0.0001325091661886768,0.001115745370136867,-0.00010784599963664654,-8.776601699722608e-05,-0.0001094263842197768,0.0,0.0,0.0,0.0,0.0,0.0,0.0,0.0
0.7799999999988358,0.002284698486334946,0.11769531250138243,0.0003453445434544733,0.0,0.0,0.0,0.0,0.0,0.0,0.0,0.0,0.0,0.0,0.0,0.0,0.0,0.0,8.055334173295847e-05,6.166759777004316e-05,-2.934563151857361e-05,-7.45656297629349e-06,-6.733687251569975e-06,-0.00010194338290947513,6.166759777069541e-05,-2.9345631517685433e-05,-7.456562976002057e-06,-6.733687251569975e-06,5.666033360052225e-06,1.027793296182189e-05,-2.9956628075922254e-06,-2.0150478170499753e-06,-1.5580285242511316e-06,-5.4256038370947834e-06,1.0277932961773317e-05,-2.995662807481203e-06,-2.015047817008342e-06,-1.5580285242372538e-06,0.0,0.0,0.0,0.0,0.0,0.0,0.0,0.0
5.720000000001164,0.016754150390625,3.3475781249999272,0.00980560302733835,0.0,0.0,0.0,0.0,0.0,0.0,0.0,0.0,0.0,0.0,0.0,0.0,0.0,0.0,0.0004274510339454807,0.00037690014665825444,-0.0003279753366971505,-5.4237492466358006e-05,-8.928626393700512e-05,9.179547988846792e-05,0.0003769001466582683,-0.0003279753366971505,-5.423749246606657e-05,-8.928626393692185e-05,2.900860449694953e-05,6.281669110963506e-05,-3.348040124306895e-05,-1.4657039864807153e-05,-2.065889620950223e-05,4.8410524101427654e-05,6.281669110970445e-05,-3.348040124306895e-05,-1.4657039864793275e-05,-2.0658896209432842e-05,0.0,0.0,0.0,0.0,0.0,0.0,0.0,0.0
1.9100000000034925,0.005594482421884095,0.30011718750029104,0.0008799743652332381,0.0,0.0,0.0,0.0,0.0,0.0,0.0,0.0,0.0,0.0,0.0,0.0,0.0,0.0,8.080363465889917e-05,0.00014320097070186222,-5.772863433417541e-05,-1.822488813840728e-05,-1.6670899267712258e-06,6.941285597594771e-05,0.00014320097070182058,-5.7728634332399054e-05,-1.8224888138254625e-05,-1.667089926687959e-06,6.715246673394404e-06,2.3866828450347377e-05,-5.893058484640612e-06,-4.925060135135828e-06,-3.8572828842120543e-07,7.609643929096244e-06,2.3866828450298805e-05,-5.89305848452959e-06,-4.92506013512195e-06,-3.8572828839344986e-07,0.0,0.0,0.0,0.0,0.0,0.0,0.0,0.0
3.6699999999982538,0.010750045776376282,0.2650781250013097,0.0007773780822759591,0.0,0.0,0.0,0.0,0.0,0.0,0.0,0.0,0.0,0.0,0.0,0.03000000000002956,0.0,0.0,0.00045872263909352284,0.0001712153771387115,0.00036983795405642894,0.0002832713832691125,1.221769356729574e-05,-9.625499422583061e-05,4.840401196452848e-05,-0.0026049464537782896,7.041138235208688e-05,1.221769356729574e-05,3.280261937399498e-05,9.471973024144376e-06,6.879180908692106e-06,7.32798072599905e-05,2.8269081065457335e-06,1.665135085371361e-06,8.0673353274191e-06,-0.00014628713038222774,1.9027842017502183e-05,2.8269081065457335e-06,0.0,0.0,0.0,0.0,0.0,0.0,0.0,0.0
0.16999999999825377,0.0004978942871076697,0.020117187499636202,5.893707275106408e-05,0.0,0.0,0.0,0.0,0.0,0.0,0.0,0.0,0.0,0.0,0.0,0.0,0.0,0.0,5.82766102219523e-06,8.026853953957414e-06,-7.336037910476989e-08,-1.6267931394198243e-06,-1.6670899267712258e-06,-2.3486251991222673e-05,8.026853954276603e-06,-7.336037910476989e-08,-1.6267931394198243e-06,-1.667089926687959e-06,8.813545271380008e-08,1.3378089922522207e-06,-7.488779374398291e-09,-4.396215756152788e-07,-3.8572828842120543e-07,-3.5560482813945526e-07,1.3378089923771208e-06,-7.488779374398291e-09,-4.396215756291566e-07,-3.8572828839344986e-07,0.0,0.0,0.0,0.0,0.0,0.0,0.0,0.0
8.910000000003492,0.02609870910644929,4.585078125001019,0.013430042266840303,0.0,0.0,0.0,0.0,0.0,0.0,0.0,0.0,0.0,0.05000000000001137,0.0,0.010000000000047748,0.0,0.0,0.00030203437169440406,0.0003369939688586676,-1.1118965325351837e-05,-8.121372540592642e-05,-0.00019137001882052473,-0.00027067532538804784,0.0002881910548652583,-0.0009227755424570105,-6.455111249067946e-05,-3.9113770208765164e-05,1.2028169025013469e-05,5.625509617901425e-05,-6.5500131227747005e-06,-2.1627180214367492e-05,-4.371429224797607e-05,1.5525152845641266e-05,4.803184247753611e-05,-0.0001071564063045427,-1.7444173505715144e-05,-9.050074260830154e-06,0.0,0.0,0.0,0.0,0.0,0.0,0.0,0.0
0.9599999999991269,0.0028121185302723006,0.14007812500130967,0.0004103088378855091,0.0,0.0,0.0,0.0,0.0,0.0,0.0,0.0,0.0,0.05000000000001137,0.0,0.010000000000047748,0.0,0.0,6.458767264216903e-05,8.961166417442712e-05,6.940018515333435e-05,-1.2320356423511925e-05,-2.6530051266515642e-05,0.00014315575528911495,2.114073927256266e-05,-0.0003445583621539683,-2.4876650857041938e-06,-3.345105971386264e-06,3.0525871962394646e-06,-4.2385442211578805e-06,-4.805800756790823e-06,-3.215491713309815e-06,-6.098975717017119e-06,1.734971674771657e-05,3.523456545424797e-06,-6.762901240353614e-06,-6.72262021592096e-07,-7.739846424742458e-07,0.0,0.0,0.0,0.0,0.0,0.0,0.0,0.0
0.3499999999985448,0.0010250854492284134,0.03773437500058208,0.00011142730712521143,0.0,0.0,0.0,0.0,0.0,0.0,0.0,0.0,0.0,0.0,0.0,0.0,0.0,0.0,2.0157418012978212e-05,1.6632869678900875e-05,-6.573628902550865e-06,-3.348280007475779e-06,8.851801697185024e-06,-7.960596298062228e-05,1.6632869679331086e-05,-6.5736289007745086e-06,-3.348280007212101e-06,8.851801697351558e-06,9.046249653810179e-07,2.772144946483479e-06,-6.710496450734738e-07,-9.048330096572688e-07,2.0481140600159264e-06,-5.81392043919049e-06,2.772144946552868e-06,-6.710496449624515e-07,-9.048330096572688e-07,2.048114059988171e-06,0.0,0.0,0.0,0.0,0.0,0.0,0.0,0.0
217.3199999999997,0.636544189453133,120.68281250000109,0.3534879302978524,0.0,0.0,0.0,0.0,0.0,0.0,0.0,0.0,0.0,0.009999999999990905,0.0,1.5900000000000318,0.0,0.0,-0.006418168083813569,-0.003167900134226631,-0.0068942012772676975,-0.0015326775790496239,-1.3639459596204162e-05,-0.0066577314500806395,-0.003167900134226645,-0.02084680564216601,-0.0015326775790493186,-1.3639459595926606e-05,-0.000551944974850449,-0.0005279833557044755,-0.001002904330881016,-0.00041418796029446536,-3.155873789795205e-06,-0.0005618491515217983,-0.0005279833557044547,-0.0013547939831303202,-0.00041418796029442373,-3.1558737897535716e-06,0.0,0.0,0.0,0.0,0.0,0.0,0.0,0.0
1.7799999999988358,0.005213623046884663,0.392578125,0.0011508178710926131,0.0,0.0,0.0,0.0,0.0,0.0,0.0,0.0,0.0,0.0,0.0,0.010000000000047748,0.0,0.0,0.00019453448517392502,4.130820192527196e-05,5.105204895716753e-05,-1.6988103853088354e-05,-1.3639459596204162e-05,-3.955773221253622e-05,4.1308201925605026e-05,-0.00016054998846648516,-1.6988103852852432e-05,-1.3639459595926606e-05,1.4809767889034653e-05,6.884700320952675e-06,3.1132776302511544e-06,-4.5908338324740505e-06,-3.155873789795205e-06,3.115953241317193e-06,6.884700320931858e-06,-9.843469537473837e-06,-4.590833832418539e-06,-3.1558737897535716e-06,0.0,0.0,0.0,0.0,0.0,0.0,0.0,0.0
0.8899999999994179,0.0026068115234352263,0.782539062500291,0.0022926902770947777,0.0,0.0,0.0,0.0,0.0,0.0,0.0,0.0,0.0,0.0,0.0,0.020000000000038654,0.0,0.0,1.9432183215428722e-05,4.152583607774929e-05,1.718446315557287e-05,-8.506578656142239e-06,1.221769356729574e-05,4.780086693578767e-06,4.152583607776317e-05,-0.0006516893069044016,-8.506578656017338e-06,1.221769356729574e-05,1.458823641553586e-06,6.920972679624882e-06,-3.477069460355864e-06,-2.298802116551535e-06,2.8269081065457335e-06,1.2368827619901879e-06,6.920972679624882e-06,-2.658013956091665e-05,-2.2988021164960237e-06,2.8269081065457335e-06,0.0,0.0,0.0,0.0,0.0,0.0,0.0,0.0
1.360000000000582,0.003983459472664208,0.13253906250065484,0.00038820266723149643,0.0,0.0,0.0,0.0,0.0,0.0,0.0,0.0,0.0,0.0,0.0,0.010000000000047748,0.0,0.0,0.00010036428265269848,6.146240848492468e-05,4.225431564641724e-06,-1.3073714884237475e-05,1.221769356729574e-05,5.819043898469545e-05,6.094517484046824e-05,4.225431564641724e-06,-1.289340922230875e-05,1.221769356729574e-05,8.19404891860831e-06,1.0245093593264087e-05,-6.177414476615795e-07,-3.52936752795463e-06,2.8269081064902224e-06,6.37363624944598e-06,1.0157529140075727e-05,-6.177414476615795e-07,-3.4842911125210208e-06,2.8269081065457335e-06,0.0,0.0,0.0,0.0,0.0,0.0,0.0,0.0
28.580000000001746,0.08371261596680313,10.830273437501091,0.03172286987304318,0.0,0.0,0.0,0.0,0.0,0.0,0.0,0.0,0.0,1.0299999999999727,0.0,0.4300000000000068,0.0,0.0,0.0009196568961575835,0.001136751768147537,-4.20004923977757e-05,-0.00026119787708556164,-0.0002156283445515772,-0.004282536356686073,-0.00171191661032484,-0.012530034937776158,-0.0002611978770852841,-0.0019145926753001696,3.645623292891642e-05,0.0001463941284394199,-0.00010853471570937412,-7.058563224388026e-05,-0.00011776110019146024,-0.00010607102352910847,-0.00030277314087309715,-0.0004582725871008497,-7.058563224386638e-05,4.737797739258476e-05,0.0,0.0,0.0,0.0,0.0,0.0,0.0,0.0
